<params>
	<param key = 'layer' value = '1' />
	<param key = 'type' value = 'linear' />
	<param key = 'next-map' value = 'level19' />
</params>
<planes>
	<plane name = 'Untitled Plane' x = '0' y = '0' modal = '0'>
		<structure>
			0 0 0 0 0 0 0 0 0 219 152 184 110 195 152 216 216 219 217 218 218 219 218 217 217 153 193 190 181 153 218 0 0 0 0 0 0 0 0 0 
			0 0 0 0 211 211 0 0 219 0 153 0 0 0 153 0 216 0 0 0 0 0 0 219 0 153 0 0 0 153 0 217 0 0 0 211 211 0 0 0 
			0 0 154 189 183 110 153 218 0 0 152 0 0 0 153 0 0 218 0 0 0 0 218 0 0 154 0 0 0 154 0 0 219 152 182 111 198 152 0 0 
			0 0 154 0 0 0 154 0 218 0 152 0 0 0 152 0 0 0 216 0 0 218 0 0 0 152 0 0 0 154 0 218 0 154 0 0 0 153 0 0 
			0 0 153 0 0 0 152 0 0 219 153 0 0 211 154 0 0 0 0 219 218 0 0 0 0 153 0 0 211 153 219 0 0 154 0 0 0 153 0 0 
			0 0 154 0 0 0 153 0 0 0 193 198 153 188 197 0 0 0 0 218 216 0 0 0 0 180 197 153 111 196 0 0 0 152 0 0 0 153 0 0 
			0 0 153 211 0 0 154 0 0 0 0 0 154 0 0 0 0 0 217 0 0 219 0 0 0 0 0 154 0 0 0 0 0 152 211 0 0 152 0 0 
			0 219 199 188 153 180 182 219 0 0 0 0 154 0 0 0 0 219 0 0 0 0 219 0 0 0 0 153 0 0 0 0 217 194 189 153 190 184 219 0 
			217 0 0 0 152 0 0 0 217 0 0 0 154 0 0 0 219 0 0 0 0 0 0 219 0 0 0 153 0 0 0 217 0 0 0 152 0 0 0 218 
			0 216 0 0 152 0 0 0 0 217 0 211 153 0 0 219 218 219 216 216 218 219 217 216 216 0 211 154 0 0 216 0 0 0 0 154 0 0 217 0 
			0 0 0 0 152 0 0 0 216 0 186 194 194 111 189 0 0 0 0 0 0 0 0 0 0 199 110 111 188 186 0 219 0 0 0 153 0 0 0 0 
			0 0 0 211 153 211 0 217 0 0 0 0 0 0 0 0 0 0 0 0 0 0 0 0 0 0 0 0 0 0 0 0 217 211 0 153 211 211 0 0 
			0 0 181 110 193 191 189 0 0 0 0 0 0 0 0 0 0 0 0 0 0 0 0 0 0 0 0 0 0 0 0 0 0 196 186 186 111 199 0 0 
			0 0 0 0 0 0 0 0 0 0 0 0 0 0 0 0 0 0 0 0 0 0 0 0 0 0 0 0 0 0 0 0 0 0 0 0 0 0 0 0 
			0 0 0 0 0 0 0 0 0 0 0 0 0 0 0 0 0 0 0 0 0 0 0 0 0 0 0 0 0 0 0 0 0 0 0 0 0 0 0 0 
		</structure>
	</plane>
	<plane name = 'mask' x = '0' y = '0' modal = '1'>
		<structure>
			0 0 0 0 0 0 0 0 0 0 0 0 0 302 0 0 0 0 0 0 0 0 0 0 0 0 300 0 0 0 0 0 0 0 0 0 0 0 0 0 
			0 0 0 0 0 0 0 0 0 0 0 0 0 0 0 0 0 0 0 0 0 0 0 0 0 0 0 0 0 0 0 0 0 0 0 0 0 0 0 0 
			0 0 0 300 302 0 0 0 0 0 0 0 0 0 0 0 0 0 0 0 0 0 0 0 0 0 0 0 0 0 0 0 0 0 300 0 302 0 0 0 
			0 0 0 0 0 0 0 0 0 0 0 0 0 0 0 0 0 0 0 0 0 0 0 0 0 0 0 0 0 0 0 0 0 0 0 0 0 0 0 0 
			0 0 0 0 0 0 0 0 0 0 0 0 0 0 0 0 0 0 0 0 0 0 0 0 0 0 0 0 0 0 0 0 0 0 0 0 0 0 0 0 
			0 0 0 0 0 0 0 0 0 0 300 302 0 300 302 0 0 0 0 0 0 0 0 0 0 300 302 0 0 300 0 0 0 0 0 0 0 0 0 0 
			0 0 0 0 0 0 0 0 0 0 0 0 0 0 0 0 0 0 0 0 0 0 0 0 0 0 0 0 0 0 0 0 0 0 0 0 0 0 0 0 
			0 0 0 302 0 300 302 0 0 0 0 0 0 0 0 0 0 0 0 0 0 0 0 0 0 0 0 0 0 0 0 0 0 0 302 0 300 302 0 0 
			0 0 0 0 0 0 0 0 0 0 0 0 0 0 0 0 0 0 0 0 0 0 0 0 0 0 0 0 0 0 0 0 0 0 0 0 0 0 0 0 
			0 0 0 0 0 0 0 0 0 0 0 0 0 0 0 0 0 0 0 0 0 0 0 0 0 0 0 0 0 0 0 0 0 0 0 0 0 0 0 0 
			0 0 0 0 0 0 0 0 0 0 300 0 0 0 0 0 0 0 0 0 0 0 0 0 0 0 0 0 300 302 0 0 0 0 0 0 0 0 0 0 
			0 0 0 0 0 0 0 0 0 0 0 0 0 0 0 0 0 0 0 0 0 0 0 0 0 0 0 0 0 0 0 0 0 0 0 0 0 0 0 0 
			0 0 300 0 300 0 302 0 0 0 0 0 0 0 0 0 0 0 0 0 0 0 0 0 0 0 0 0 0 0 0 0 0 0 0 302 0 302 0 0 
			0 0 0 0 0 0 0 0 0 0 0 0 0 0 0 0 0 0 0 0 0 0 0 0 0 0 0 0 0 0 0 0 0 0 0 0 0 0 0 0 
			0 0 0 0 0 0 0 0 0 0 0 0 0 0 0 0 0 0 0 0 0 0 0 0 0 0 0 0 0 0 0 0 0 0 0 0 0 0 0 0 
		</structure>
	</plane>
</planes>
<entities>
<entity name = '' title = '' ai-behavior = '1' nick = '' y = '1' x = '4' genus = '1' class = '' />
<entity name = '' title = '' ai-behavior = '1' nick = '' y = '2' x = '16' genus = '1' class = '' />
<entity name = '' title = '' ai-behavior = '1' nick = '' y = '4' x = '27' genus = '1' class = '' />
<entity name = 'player1' title = '' ai-behavior = '1' nick = 'Bomb Vending Machine' y = '6' x = '4' genus = '2' class = 'bomb-vending-machine' />
<entity name = 'player2' title = '' ai-behavior = '1' nick = 'Bomb Vending Machine' y = '4' x = '12' genus = '2' class = 'bomb-vending-machine' />
<entity name = 'player3' title = '' ai-behavior = '1' nick = 'Bomb Vending Machine' y = '9' x = '13' genus = '2' class = 'bomb-vending-machine' />
<entity name = '' title = '' ai-behavior = '1' nick = '' y = '1' x = '19' genus = '5' class = '' />
<entity name = '' title = '' ai-behavior = '1' nick = '' y = '1' x = '20' genus = '5' class = '' />
<entity name = '' title = '' ai-behavior = '1' nick = '' y = '2' x = '15' genus = '5' class = '' />
<entity name = '' title = '' ai-behavior = '1' nick = '' y = '2' x = '24' genus = '5' class = '' />
<entity name = 'gold1' title = '' ai-behavior = '1' nick = '' y = '3' x = '36' genus = '6' class = '' />
<entity name = 'gold2' title = '' ai-behavior = '1' nick = '' y = '5' x = '34' genus = '6' class = '' />
<entity name = 'gold3' title = '' ai-behavior = '1' nick = '' y = '1' x = '31' genus = '6' class = '' />
<entity name = 'gold4' title = '' ai-behavior = '1' nick = '' y = '3' x = '26' genus = '6' class = '' />
<entity name = 'gold5' title = '' ai-behavior = '1' nick = '' y = '1' x = '27' genus = '6' class = '' />
<entity name = 'gold6' title = '' ai-behavior = '1' nick = '' y = '9' x = '28' genus = '6' class = '' />
<entity name = 'gold7' title = '' ai-behavior = '1' nick = '' y = '6' x = '22' genus = '6' class = '' />
<entity name = 'gold8' title = '' ai-behavior = '1' nick = '' y = '7' x = '16' genus = '6' class = '' />
<entity name = 'gold9' title = '' ai-behavior = '1' nick = '' y = '4' x = '20' genus = '6' class = '' />
<entity name = 'gold10' title = '' ai-behavior = '1' nick = '' y = '1' x = '18' genus = '6' class = '' />
<entity name = 'gold11' title = '' ai-behavior = '1' nick = '' y = '9' x = '19' genus = '6' class = '' />
<entity name = 'gold12' title = '' ai-behavior = '1' nick = '' y = '2' x = '24' genus = '6' class = '' />
<entity name = 'gold13' title = '' ai-behavior = '1' nick = '' y = '2' x = '13' genus = '6' class = '' />
<entity name = 'gold14' title = '' ai-behavior = '1' nick = '' y = '4' x = '11' genus = '6' class = '' />
<entity name = 'gold15' title = '' ai-behavior = '1' nick = '' y = '9' x = '14' genus = '6' class = '' />
<entity name = 'gold16' title = '' ai-behavior = '1' nick = '' y = '8' x = '9' genus = '6' class = '' />
<entity name = 'gold17' title = '' ai-behavior = '1' nick = '' y = '2' x = '7' genus = '6' class = '' />
<entity name = 'gold18' title = '' ai-behavior = '1' nick = '' y = '4' x = '5' genus = '6' class = '' />
<entity name = 'gold19' title = '' ai-behavior = '1' nick = '' y = '1' x = '3' genus = '6' class = '' />
<entity name = 'gold20' title = '' ai-behavior = '1' nick = '' y = '9' x = '1' genus = '6' class = '' />
<entity name = 'gold21' title = '' ai-behavior = '1' nick = '' y = '11' x = '6' genus = '6' class = '' />
<entity name = 'player1.respawn' title = '' ai-behavior = '1' nick = 'Bomb Vending Machine' y = '3' x = '16' genus = '12' class = 'bomb-vending-machine' />
<entity name = 'player2.respawn' title = '' ai-behavior = '1' nick = 'Bomb Vending Machine' y = '3' x = '23' genus = '12' class = 'bomb-vending-machine' />
<entity name = 'player3.respawn' title = '' ai-behavior = '1' nick = 'Bomb Vending Machine' y = '7' x = '24' genus = '12' class = 'bomb-vending-machine' />
</entities>
<triggers>
<trigger prompt = '' name = 'controller' height = '1' width = '1' behavior = '1' y = '6' x = '4'>
	<touch />
	<hover />
	<exit />
</trigger>
</triggers>
<scripts />
