<params>
	<param key = 'layer' value = '1' />
	<param key = 'type' value = 'linear' />
	<param key = 'next-map' value = 'level2' />
</params>
<planes>
	<plane name = 'Untitled Plane' x = '0' y = '0' modal = '0'>
		<structure>
			0 229 0 0 147 147 0 147 147 147 0 229 0 0 0 0 0 0 0 0 
			110 119 111 118 110 119 152 119 117 119 117 116 0 0 0 0 0 0 0 0 
			0 0 0 0 0 0 154 219 219 217 217 216 219 218 0 147 147 0 147 0 
			0 0 0 0 0 0 152 0 0 119 116 152 0 0 118 119 119 152 116 118 
			0 0 0 0 0 0 153 0 0 207 98 153 0 0 0 0 0 154 0 0 
			0 147 0 147 0 0 153 0 0 116 97 153 147 0 0 229 0 152 0 0 
			117 118 154 111 116 119 118 0 0 98 99 117 116 119 153 119 119 119 116 117 
			0 0 152 0 0 0 0 0 0 0 0 0 0 0 152 0 0 0 0 0 
			0 229 152 0 147 147 0 0 0 0 147 147 147 0 153 0 0 0 0 0 
			116 117 116 116 118 119 119 153 119 117 110 119 119 117 153 0 0 0 0 0 
			0 0 0 0 0 0 0 152 0 0 0 0 0 0 153 0 0 0 0 0 
			0 0 0 0 0 229 0 152 218 219 219 218 218 216 152 147 147 0 0 0 
			0 0 0 153 119 119 118 116 119 0 0 0 0 0 116 118 116 116 118 152 
			0 0 0 153 147 147 0 0 0 0 0 147 147 0 229 0 0 0 147 154 
			116 117 116 118 118 110 111 119 118 119 119 119 119 117 119 110 116 118 119 118 
		</structure>
	</plane>
	<plane name = 'mask' x = '0' y = '0' modal = '1'>
		<structure>
			0 0 0 0 0 0 0 0 0 0 0 0 0 0 0 0 0 0 0 0 
			0 0 0 0 0 0 0 300 0 0 0 302 0 0 0 0 0 0 0 0 
			0 0 0 0 0 0 0 0 0 0 0 0 0 0 0 0 0 0 0 0 
			0 0 0 0 0 0 0 0 0 0 0 0 0 0 300 0 0 0 0 302 
			0 0 0 0 0 0 0 0 0 0 0 0 0 0 0 0 0 0 0 0 
			0 0 0 0 0 0 0 0 0 0 0 0 0 0 0 0 0 0 0 0 
			300 302 0 0 300 0 302 0 0 300 0 0 0 0 0 0 0 0 0 0 
			0 0 0 0 0 0 0 0 0 0 0 0 0 0 0 0 0 0 0 0 
			0 0 0 0 0 0 0 0 0 0 0 0 0 0 0 0 0 0 0 0 
			300 0 0 0 0 0 0 0 300 302 0 300 0 302 0 0 0 0 0 0 
			0 0 0 0 0 0 0 0 0 0 0 0 0 0 0 0 0 0 0 0 
			0 0 0 0 0 0 0 0 0 0 0 0 0 0 0 0 0 0 0 0 
			0 0 0 0 0 0 0 0 0 0 0 0 0 0 0 0 0 0 302 0 
			0 0 0 0 0 0 0 0 0 0 0 0 0 0 0 0 0 0 0 0 
			300 0 0 0 302 0 0 300 0 0 0 0 0 0 302 0 300 0 0 302 
		</structure>
	</plane>
</planes>
<entities>
<entity name = '' title = '' ai-behavior = '1' nick = '' y = '0' x = '10' genus = '1' class = '' />
<entity name = '' title = '' ai-behavior = '1' nick = '' y = '5' x = '0' genus = '1' class = '' />
<entity name = '' title = '' ai-behavior = '1' nick = '' y = '5' x = '16' genus = '1' class = '' />
<entity name = 'player1' title = '' ai-behavior = '1' nick = 'Bomb Vending Machine' y = '13' x = '9' genus = '2' class = 'bomb-vending-machine' />
<entity name = 'player2' title = '' ai-behavior = '1' nick = 'Bomb Vending Machine' y = '13' x = '13' genus = '2' class = 'bomb-vending-machine' />
<entity name = 'player3' title = '' ai-behavior = '1' nick = 'Bomb Vending Machine' y = '13' x = '2' genus = '2' class = 'bomb-vending-machine' />
<entity name = '' title = '' ai-behavior = '1' nick = '' y = '1' x = '18' genus = '5' class = '' />
<entity name = '' title = '' ai-behavior = '1' nick = '' y = '0' x = '15' genus = '5' class = '' />
<entity name = '' title = '' ai-behavior = '1' nick = '' y = '0' x = '13' genus = '5' class = '' />
<entity name = '' title = '' ai-behavior = '1' nick = '' y = '2' x = '1' genus = '5' class = '' />
<entity name = '' title = '' ai-behavior = '1' nick = '' y = '2' x = '4' genus = '5' class = '' />
<entity name = 'gold1' title = '' ai-behavior = '1' nick = '' y = '12' x = '12' genus = '6' class = '' />
<entity name = 'gold2' title = '' ai-behavior = '1' nick = '' y = '5' x = '4' genus = '6' class = '' />
<entity name = 'gold3' title = '' ai-behavior = '1' nick = '' y = '5' x = '18' genus = '6' class = '' />
<entity name = 'gold4' title = '' ai-behavior = '1' nick = '' y = '2' x = '15' genus = '6' class = '' />
<entity name = 'gold5' title = '' ai-behavior = '1' nick = '' y = '0' x = '2' genus = '6' class = '' />
<entity name = 'gold6' title = '' ai-behavior = '1' nick = '' y = '11' x = '1' genus = '6' class = '' />
<entity name = 'gold7' title = '' ai-behavior = '1' nick = '' y = '13' x = '7' genus = '6' class = '' />
<entity name = 'gold8' title = '' ai-behavior = '1' nick = '' y = '7' x = '10' genus = '6' class = '' />
<entity name = 'gold9' title = '' ai-behavior = '1' nick = '' y = '4' x = '7' genus = '6' class = '' />
<entity name = 'player1.respawn' title = '' ai-behavior = '1' nick = 'Bomb Vending Machine' y = '2' x = '3' genus = '12' class = 'bomb-vending-machine' />
<entity name = 'player2.respawn' title = '' ai-behavior = '1' nick = 'Bomb Vending Machine' y = '7' x = '18' genus = '12' class = 'bomb-vending-machine' />
<entity name = 'player3.respawn' title = '' ai-behavior = '1' nick = 'Bomb Vending Machine' y = '5' x = '8' genus = '12' class = 'bomb-vending-machine' />
</entities>
<triggers>
<trigger prompt = '' name = 'controller' height = '1' width = '1' behavior = '1' y = '13' x = '2'>
	<touch />
	<hover />
	<exit />
</trigger>
</triggers>
<scripts />
