<params>
	<param key = 'layer' value = '1' />
	<param key = 'type' value = 'linear' />
	<param key = 'next-map' value = 'level8' />
</params>
<planes>
	<plane name = 'Untitled Plane' x = '0' y = '0' modal = '0'>
		<structure>
			0 0 0 0 0 0 0 0 0 0 0 0 0 0 0 147 229 0 0 0 
			0 0 0 0 0 0 0 0 0 0 0 0 0 0 152 117 207 153 0 0 
			0 0 0 0 0 0 0 0 0 0 0 0 0 0 154 0 117 153 0 0 
			0 0 0 0 0 0 0 0 0 0 0 0 0 219 154 0 0 152 0 0 
			0 0 0 0 0 0 0 0 0 147 147 0 218 0 152 229 147 153 0 0 
			0 0 0 0 0 0 0 0 154 116 117 154 0 0 153 119 117 154 0 0 
			0 0 0 0 0 0 0 0 153 0 0 154 0 0 154 97 0 152 0 0 
			0 0 0 0 0 0 0 216 153 0 0 153 0 217 152 0 0 154 0 0 
			0 0 0 147 0 0 217 0 154 0 229 153 218 0 0 0 0 154 0 0 
			0 0 152 118 117 152 0 0 154 207 119 154 0 0 0 0 0 152 0 0 
			0 0 154 0 96 152 0 0 154 119 0 0 0 0 0 0 0 154 0 0 
			0 0 154 0 0 154 0 216 154 0 0 0 0 0 0 0 0 152 0 0 
			0 0 152 229 147 153 217 0 0 0 0 0 0 0 0 0 0 152 0 0 
			0 0 153 117 117 154 0 216 219 218 219 217 216 217 219 216 218 153 0 0 
			0 0 0 0 0 0 0 0 0 0 0 0 0 0 0 0 0 0 0 0 
		</structure>
	</plane>
	<plane name = 'mask' x = '0' y = '0' modal = '1'>
		<structure>
			0 0 0 0 0 0 0 0 0 0 0 0 0 0 0 0 0 0 0 0 
			0 0 0 0 0 0 0 0 0 0 0 0 0 0 0 0 0 0 0 0 
			0 0 0 0 0 0 0 0 0 0 0 0 0 0 0 0 300 0 0 0 
			0 0 0 0 0 0 0 0 0 0 0 0 0 0 0 0 0 0 0 0 
			0 0 0 0 0 0 0 0 0 0 0 0 0 0 0 0 0 0 0 0 
			0 0 0 0 0 0 0 0 0 0 0 0 0 0 0 0 302 0 0 0 
			0 0 0 0 0 0 0 0 0 0 0 0 0 0 0 0 0 0 0 0 
			0 0 0 0 0 0 0 0 0 0 0 0 0 0 0 0 0 0 0 0 
			0 0 0 0 0 0 0 0 0 0 0 0 0 0 0 0 0 0 0 0 
			0 0 0 300 0 0 0 0 0 0 0 0 0 0 0 0 0 0 0 0 
			0 0 0 0 302 0 0 0 0 300 0 0 0 0 0 0 0 0 0 0 
			0 0 0 0 0 0 0 0 0 0 0 0 0 0 0 0 0 0 0 0 
			0 0 0 0 0 0 0 0 0 0 0 0 0 0 0 0 0 0 0 0 
			0 0 0 300 302 0 0 0 0 0 0 0 0 0 0 0 0 0 0 0 
			0 0 0 0 0 0 0 0 0 0 0 0 0 0 0 0 0 0 0 0 
		</structure>
	</plane>
</planes>
<entities>
<entity name = '' title = '' ai-behavior = '1' nick = '' y = '12' x = '4' genus = '1' class = '' />
<entity name = 'player1' title = '' ai-behavior = '1' nick = 'Bomb Vending Machine' y = '8' x = '4' genus = '2' class = 'bomb-vending-machine' />
<entity name = 'player2' title = '' ai-behavior = '1' nick = 'Bomb Vending Machine' y = '4' x = '9' genus = '2' class = 'bomb-vending-machine' />
<entity name = 'player3' title = '' ai-behavior = '1' nick = 'Bomb Vending Machine' y = '4' x = '15' genus = '2' class = 'bomb-vending-machine' />
<entity name = '' title = '' ai-behavior = '1' nick = '' y = '0' x = '12' genus = '5' class = '' />
<entity name = '' title = '' ai-behavior = '1' nick = '' y = '1' x = '10' genus = '5' class = '' />
<entity name = '' title = '' ai-behavior = '1' nick = '' y = '2' x = '8' genus = '5' class = '' />
<entity name = '' title = '' ai-behavior = '1' nick = '' y = '3' x = '6' genus = '5' class = '' />
<entity name = '' title = '' ai-behavior = '1' nick = '' y = '4' x = '4' genus = '5' class = '' />
<entity name = '' title = '' ai-behavior = '1' nick = '' y = '2' x = '5' genus = '5' class = '' />
<entity name = '' title = '' ai-behavior = '1' nick = '' y = '1' x = '7' genus = '5' class = '' />
<entity name = '' title = '' ai-behavior = '1' nick = '' y = '0' x = '9' genus = '5' class = '' />
<entity name = 'gold1' title = '' ai-behavior = '1' nick = '' y = '8' x = '9' genus = '6' class = '' />
<entity name = 'gold2' title = '' ai-behavior = '1' nick = '' y = '6' x = '10' genus = '6' class = '' />
<entity name = 'gold3' title = '' ai-behavior = '1' nick = '' y = '11' x = '6' genus = '6' class = '' />
<entity name = 'gold4' title = '' ai-behavior = '1' nick = '' y = '8' x = '2' genus = '6' class = '' />
<entity name = 'gold5' title = '' ai-behavior = '1' nick = '' y = '12' x = '3' genus = '6' class = '' />
<entity name = 'gold6' title = '' ai-behavior = '1' nick = '' y = '13' x = '9' genus = '6' class = '' />
<entity name = 'gold7' title = '' ai-behavior = '1' nick = '' y = '12' x = '14' genus = '6' class = '' />
<entity name = 'gold8' title = '' ai-behavior = '1' nick = '' y = '6' x = '16' genus = '6' class = '' />
<entity name = 'gold9' title = '' ai-behavior = '1' nick = '' y = '9' x = '15' genus = '6' class = '' />
<entity name = 'gold10' title = '' ai-behavior = '1' nick = '' y = '7' x = '12' genus = '6' class = '' />
<entity name = 'gold11' title = '' ai-behavior = '1' nick = '' y = '0' x = '15' genus = '6' class = '' />
<entity name = 'gold12' title = '' ai-behavior = '1' nick = '' y = '9' x = '7' genus = '6' class = '' />
<entity name = 'player1.respawn' title = '' ai-behavior = '1' nick = 'Bomb Vending Machine' y = '8' x = '3' genus = '12' class = 'bomb-vending-machine' />
<entity name = 'player2.respawn' title = '' ai-behavior = '1' nick = 'Bomb Vending Machine' y = '4' x = '10' genus = '12' class = 'bomb-vending-machine' />
<entity name = 'player3.respawn' title = '' ai-behavior = '1' nick = 'Bomb Vending Machine' y = '4' x = '16' genus = '12' class = 'bomb-vending-machine' />
</entities>
<triggers>
<trigger prompt = '' name = 'controller' height = '1' width = '1' behavior = '1' y = '8' x = '4'>
	<touch />
	<hover />
	<exit />
</trigger>
</triggers>
<scripts />
