<params>
	<param key = 'layer' value = '1' />
	<param key = 'type' value = 'linear' />
	<param key = 'next-map' value = 'level6' />
</params>
<planes>
	<plane name = 'Untitled Plane' x = '0' y = '0' modal = '0'>
		<structure>
			119 110 111 117 0 0 0 0 0 0 0 0 0 0 0 0 119 116 111 117 
			97 0 0 0 0 0 0 0 0 0 0 0 0 0 0 0 0 0 0 99 
			97 0 147 0 0 0 0 0 0 0 0 0 0 0 0 0 147 147 0 98 
			99 152 118 116 153 217 217 216 147 229 147 147 218 216 216 152 119 110 154 97 
			97 152 98 97 153 0 0 0 116 117 207 117 0 0 0 152 99 97 154 98 
			207 154 0 0 119 117 153 0 0 98 116 98 0 152 118 118 0 0 154 98 
			116 154 0 0 98 97 153 0 117 97 99 0 0 152 97 98 0 0 154 98 
			97 153 219 216 0 147 152 0 0 207 98 119 0 152 147 229 219 217 153 99 
			97 153 0 0 117 116 154 147 147 116 97 0 0 153 116 116 0 0 152 98 
			97 154 147 229 99 99 153 118 110 98 97 119 118 154 97 97 147 147 153 97 
			97 154 111 116 0 0 153 0 0 0 0 0 0 153 0 0 207 117 152 99 
			99 153 98 97 0 0 153 0 0 0 0 0 0 152 0 0 118 96 153 97 
			98 153 219 216 219 218 152 0 0 0 0 0 0 154 216 218 218 219 154 96 
			96 119 0 0 0 0 153 219 219 217 216 217 216 153 0 0 0 0 117 97 
			99 0 0 0 0 0 117 0 0 0 0 0 0 119 0 0 0 0 0 99 
		</structure>
	</plane>
	<plane name = 'mask' x = '0' y = '0' modal = '1'>
		<structure>
			0 0 0 302 0 0 0 0 0 0 0 0 0 0 0 0 0 302 0 0 
			0 0 0 0 0 0 0 0 0 0 0 0 0 0 0 0 0 0 0 0 
			0 0 0 0 0 0 0 0 0 0 0 0 0 0 0 0 0 0 0 0 
			0 0 0 0 0 0 0 0 0 0 0 0 0 0 0 0 0 0 0 0 
			300 0 300 302 0 0 0 0 300 0 0 0 0 0 0 0 300 302 0 0 
			0 0 0 0 0 0 0 0 0 0 0 302 0 0 0 0 0 0 0 0 
			0 0 0 0 0 302 0 0 300 0 0 0 0 0 300 302 0 0 0 0 
			0 0 0 0 0 0 0 0 0 0 0 302 0 0 0 0 0 0 0 0 
			0 0 0 0 0 0 0 0 0 0 0 0 0 0 0 0 0 0 0 0 
			0 0 0 0 300 0 0 0 0 300 0 0 302 0 300 0 0 0 0 0 
			0 0 0 0 0 0 0 0 0 0 0 0 0 0 0 0 0 0 0 0 
			0 0 300 0 0 0 0 0 0 0 0 0 0 0 0 0 0 302 0 0 
			0 0 0 0 0 0 0 0 0 0 0 0 0 0 0 0 0 0 0 0 
			0 302 0 0 0 0 0 0 0 0 0 0 0 0 0 0 0 0 300 0 
			0 0 0 0 0 0 0 0 0 0 0 0 0 0 0 0 0 0 0 300 
		</structure>
	</plane>
</planes>
<entities>
<entity name = '' title = '' ai-behavior = '1' nick = '' y = '9' x = '3' genus = '1' class = '' />
<entity name = '' title = '' ai-behavior = '1' nick = '' y = '11' x = '14' genus = '1' class = '' />
<entity name = 'player1' title = '' ai-behavior = '1' nick = 'Bomb Vending Machine' y = '2' x = '3' genus = '2' class = 'bomb-vending-machine' />
<entity name = 'player2' title = '' ai-behavior = '1' nick = 'Bomb Vending Machine' y = '4' x = '14' genus = '2' class = 'bomb-vending-machine' />
<entity name = 'player3' title = '' ai-behavior = '1' nick = 'Bomb Vending Machine' y = '9' x = '16' genus = '2' class = 'bomb-vending-machine' />
<entity name = '' title = '' ai-behavior = '1' nick = '' y = '0' x = '5' genus = '5' class = '' />
<entity name = '' title = '' ai-behavior = '1' nick = '' y = '0' x = '7' genus = '5' class = '' />
<entity name = '' title = '' ai-behavior = '1' nick = '' y = '0' x = '9' genus = '5' class = '' />
<entity name = '' title = '' ai-behavior = '1' nick = '' y = '0' x = '11' genus = '5' class = '' />
<entity name = '' title = '' ai-behavior = '1' nick = '' y = '0' x = '13' genus = '5' class = '' />
<entity name = '' title = '' ai-behavior = '1' nick = '' y = '0' x = '15' genus = '5' class = '' />
<entity name = 'gold1' title = '' ai-behavior = '1' nick = '' y = '10' x = '9' genus = '6' class = '' />
<entity name = 'gold2' title = '' ai-behavior = '1' nick = '' y = '12' x = '10' genus = '6' class = '' />
<entity name = 'gold3' title = '' ai-behavior = '1' nick = '' y = '10' x = '4' genus = '6' class = '' />
<entity name = 'gold5' title = '' ai-behavior = '1' nick = '' y = '10' x = '15' genus = '6' class = '' />
<entity name = 'gold4' title = '' ai-behavior = '1' nick = '' y = '6' x = '17' genus = '6' class = '' />
<entity name = 'gold6' title = '' ai-behavior = '1' nick = '' y = '3' x = '10' genus = '6' class = '' />
<entity name = 'gold7' title = '' ai-behavior = '1' nick = '' y = '2' x = '5' genus = '6' class = '' />
<entity name = 'gold8' title = '' ai-behavior = '1' nick = '' y = '6' x = '2' genus = '6' class = '' />
<entity name = 'gold9' title = '' ai-behavior = '1' nick = '' y = '12' x = '17' genus = '6' class = '' />
<entity name = 'gold10' title = '' ai-behavior = '1' nick = '' y = '2' x = '16' genus = '6' class = '' />
<entity name = 'gold11' title = '' ai-behavior = '1' nick = '' y = '6' x = '11' genus = '6' class = '' />
<entity name = 'gold12' title = '' ai-behavior = '1' nick = '' y = '5' x = '7' genus = '6' class = '' />
<entity name = 'gold13' title = '' ai-behavior = '1' nick = '' y = '11' x = '12' genus = '6' class = '' />
<entity name = 'gold14' title = '' ai-behavior = '1' nick = '' y = '12' x = '3' genus = '6' class = '' />
<entity name = 'player1.respawn' title = '' ai-behavior = '1' nick = 'Bomb Vending Machine' y = '2' x = '2' genus = '12' class = 'bomb-vending-machine' />
<entity name = 'player2.respawn' title = '' ai-behavior = '1' nick = 'Bomb Vending Machine' y = '2' x = '17' genus = '12' class = 'bomb-vending-machine' />
<entity name = 'player3.respawn' title = '' ai-behavior = '1' nick = 'Bomb Vending Machine' y = '8' x = '11' genus = '12' class = 'bomb-vending-machine' />
</entities>
<triggers>
<trigger prompt = '' name = 'controller' height = '1' width = '1' behavior = '1' y = '2' x = '3'>
	<touch />
	<hover />
	<exit />
</trigger>
</triggers>
<scripts />
