<params>
	<param key = 'layer' value = '1' />
	<param key = 'type' value = 'linear' />
	<param key = 'next-map' value = 'level3' />
</params>
<planes>
	<plane name = 'Untitled Plane' x = '0' y = '0' modal = '0'>
		<structure>
			0 0 0 0 0 0 0 0 0 0 0 0 0 0 0 0 0 0 0 0 
			0 0 0 0 0 0 0 0 0 0 0 0 0 0 0 0 0 0 0 0 
			0 0 0 147 0 0 0 0 0 0 0 0 0 0 0 0 229 0 0 0 
			0 153 119 116 153 0 0 0 0 0 0 0 0 0 0 152 119 119 154 0 
			0 154 0 229 154 147 147 0 0 0 147 147 0 147 0 152 0 0 153 0 
			0 152 117 118 154 116 118 153 117 110 111 118 152 119 116 152 118 118 152 0 
			0 154 207 97 153 97 98 152 0 0 0 0 153 96 99 154 207 96 154 0 
			0 153 117 96 154 0 0 154 0 0 0 0 154 0 0 153 116 99 153 0 
			0 152 0 0 154 0 0 153 0 0 229 0 154 0 0 153 0 147 154 0 
			0 152 117 119 153 0 0 154 118 117 119 118 154 0 147 154 116 110 154 0 
			0 153 96 97 154 111 118 152 147 0 0 0 153 119 207 154 99 98 153 0 
			0 152 96 96 153 99 97 153 116 117 111 119 154 96 117 154 97 98 152 0 
			0 153 229 147 152 0 0 154 0 147 147 0 154 0 0 154 147 0 154 0 
			0 153 116 117 152 147 0 154 117 110 117 116 153 0 147 154 119 117 153 229 
			118 119 97 97 118 118 118 119 99 96 99 98 119 119 117 116 96 98 116 119 
		</structure>
	</plane>
	<plane name = 'mask' x = '0' y = '0' modal = '1'>
		<structure>
			0 0 0 0 0 0 0 0 0 0 0 0 0 0 0 0 0 0 0 0 
			0 0 0 0 0 0 0 0 0 0 0 0 0 0 0 0 0 0 0 0 
			0 0 0 0 0 0 0 0 0 0 0 0 0 0 0 0 0 0 0 0 
			0 0 300 302 0 0 0 0 0 0 0 0 0 0 0 0 300 0 0 0 
			0 0 0 0 0 0 0 0 0 0 0 0 0 0 0 0 0 0 0 0 
			0 0 300 0 0 0 0 0 0 0 0 302 0 0 0 0 0 0 0 0 
			0 0 0 0 0 300 0 0 0 0 0 0 0 300 302 0 0 0 0 0 
			0 0 300 302 0 0 0 0 0 0 0 0 0 0 0 0 300 0 0 0 
			0 0 0 0 0 0 0 0 0 0 0 0 0 0 0 0 0 0 0 0 
			0 0 0 0 0 0 0 0 300 0 0 302 0 0 0 0 0 0 0 0 
			0 0 0 0 0 0 0 0 0 0 0 0 0 0 0 0 0 0 0 0 
			0 0 300 302 0 0 0 0 0 302 0 300 0 300 0 0 300 302 0 0 
			0 0 0 0 0 0 0 0 0 0 0 0 0 0 0 0 0 0 0 0 
			0 0 0 0 0 0 0 0 0 0 0 0 0 0 0 0 0 0 0 0 
			300 0 0 0 0 0 0 0 0 0 0 0 0 0 0 0 0 0 0 302 
		</structure>
	</plane>
</planes>
<entities>
<entity name = '' title = '' ai-behavior = '1' nick = '' y = '13' x = '6' genus = '1' class = '' />
<entity name = '' title = '' ai-behavior = '1' nick = '' y = '12' x = '17' genus = '1' class = '' />
<entity name = 'player1' title = '' ai-behavior = '1' nick = 'Bomb Vending Machine' y = '4' x = '6' genus = '2' class = 'bomb-vending-machine' />
<entity name = 'player2' title = '' ai-behavior = '1' nick = 'Bomb Vending Machine' y = '4' x = '13' genus = '2' class = 'bomb-vending-machine' />
<entity name = 'player3' title = '' ai-behavior = '1' nick = 'Bomb Vending Machine' y = '8' x = '9' genus = '2' class = 'bomb-vending-machine' />
<entity name = '' title = '' ai-behavior = '1' nick = '' y = '0' x = '2' genus = '5' class = '' />
<entity name = '' title = '' ai-behavior = '1' nick = '' y = '0' x = '4' genus = '5' class = '' />
<entity name = '' title = '' ai-behavior = '1' nick = '' y = '0' x = '6' genus = '5' class = '' />
<entity name = '' title = '' ai-behavior = '1' nick = '' y = '0' x = '8' genus = '5' class = '' />
<entity name = '' title = '' ai-behavior = '1' nick = '' y = '0' x = '10' genus = '5' class = '' />
<entity name = '' title = '' ai-behavior = '1' nick = '' y = '0' x = '12' genus = '5' class = '' />
<entity name = '' title = '' ai-behavior = '1' nick = '' y = '0' x = '14' genus = '5' class = '' />
<entity name = '' title = '' ai-behavior = '1' nick = '' y = '0' x = '16' genus = '5' class = '' />
<entity name = 'gold1' title = '' ai-behavior = '1' nick = '' y = '4' x = '9' genus = '6' class = '' />
<entity name = 'gold3' title = '' ai-behavior = '1' nick = '' y = '9' x = '6' genus = '6' class = '' />
<entity name = 'gold4' title = '' ai-behavior = '1' nick = '' y = '4' x = '2' genus = '6' class = '' />
<entity name = 'gold2' title = '' ai-behavior = '1' nick = '' y = '7' x = '11' genus = '6' class = '' />
<entity name = 'gold5' title = '' ai-behavior = '1' nick = '' y = '13' x = '5' genus = '6' class = '' />
<entity name = 'gold6' title = '' ai-behavior = '1' nick = '' y = '9' x = '0' genus = '6' class = '' />
<entity name = 'gold7' title = '' ai-behavior = '1' nick = '' y = '2' x = '17' genus = '6' class = '' />
<entity name = 'gold8' title = '' ai-behavior = '1' nick = '' y = '8' x = '16' genus = '6' class = '' />
<entity name = 'gold9' title = '' ai-behavior = '1' nick = '' y = '12' x = '13' genus = '6' class = '' />
<entity name = 'gold10' title = '' ai-behavior = '1' nick = '' y = '13' x = '19' genus = '6' class = '' />
<entity name = 'gold11' title = '' ai-behavior = '1' nick = '' y = '5' x = '19' genus = '6' class = '' />
<entity name = 'gold12' title = '' ai-behavior = '1' nick = '' y = '2' x = '3' genus = '6' class = '' />
<entity name = 'player1.respawn' title = '' ai-behavior = '1' nick = 'Bomb Vending Machine' y = '2' x = '2' genus = '12' class = 'bomb-vending-machine' />
<entity name = 'player2.respawn' title = '' ai-behavior = '1' nick = 'Bomb Vending Machine' y = '4' x = '17' genus = '12' class = 'bomb-vending-machine' />
<entity name = 'player3.respawn' title = '' ai-behavior = '1' nick = 'Bomb Vending Machine' y = '7' x = '6' genus = '12' class = 'bomb-vending-machine' />
</entities>
<triggers>
<trigger prompt = '' name = 'controller' height = '1' width = '1' behavior = '1' y = '4' x = '6'>
	<touch />
	<hover />
	<exit />
</trigger>
</triggers>
<scripts />
