<params>
	<param key = 'layer' value = '1' />
	<param key = 'type' value = 'linear' />
	<param key = 'next-map' value = 'level16' />
</params>
<planes>
	<plane name = 'Untitled Plane' x = '0' y = '0' modal = '0'>
		<structure>
			0 0 0 0 0 0 0 185 195 184 196 193 185 0 0 0 181 0 0 0 
			0 0 153 189 153 0 0 211 211 0 0 0 211 0 0 211 211 0 0 0 
			154 181 189 163 194 180 186 190 110 199 189 185 195 198 191 111 188 190 196 152 
			153 0 0 169 0 0 0 166 165 171 162 173 164 0 0 0 164 0 0 152 
			154 0 0 166 0 0 0 163 172 171 0 172 166 0 0 0 166 0 0 152 
			154 211 0 0 0 211 0 0 211 211 211 0 0 211 211 0 0 0 0 152 
			191 187 154 185 196 110 187 184 192 110 111 196 199 110 181 152 197 152 197 184 
			0 0 152 0 0 0 0 178 166 174 167 173 163 0 0 153 171 153 0 0 
			0 0 153 198 154 0 0 211 211 0 0 211 0 0 0 153 0 154 0 0 
			0 211 154 162 154 0 154 180 190 191 196 111 197 154 0 154 180 153 0 0 
			182 110 183 175 199 183 193 163 174 0 172 171 168 153 189 182 174 193 187 154 
			0 0 0 165 0 0 0 0 211 211 0 0 211 153 0 0 168 0 0 152 
			0 0 0 0 0 0 152 186 110 191 186 194 196 153 0 0 170 0 0 154 
			0 0 211 188 152 211 152 163 170 166 0 177 167 153 211 0 0 211 211 154 
			182 194 110 177 195 191 190 160 161 160 185 160 172 193 196 192 188 111 186 196 
		</structure>
	</plane>
	<plane name = 'mask' x = '0' y = '0' modal = '1'>
		<structure>
			0 0 0 0 0 0 0 300 0 0 0 0 302 0 0 0 302 0 0 0 
			0 0 0 0 0 0 0 0 0 0 0 0 0 0 0 0 0 0 0 0 
			0 300 0 0 0 0 0 0 0 0 0 0 0 0 0 0 0 0 302 0 
			0 0 0 0 0 0 0 0 0 0 0 0 0 0 0 0 0 0 0 0 
			0 0 0 0 0 0 0 300 0 302 0 300 0 0 0 0 300 0 0 0 
			0 0 0 0 0 0 0 0 0 0 0 0 0 0 0 0 0 0 0 0 
			300 0 0 0 0 0 300 0 0 0 0 0 0 0 300 0 0 0 300 302 
			0 0 0 0 0 0 0 0 0 0 0 0 302 0 0 0 300 0 0 0 
			0 0 0 0 0 0 0 0 0 0 0 0 0 0 0 0 0 0 0 0 
			0 0 0 0 0 0 0 0 0 0 0 0 0 0 0 0 0 0 0 0 
			302 0 300 0 0 0 0 0 0 0 300 0 302 0 300 0 0 0 302 0 
			0 0 0 300 0 0 0 0 0 0 0 0 0 0 0 0 0 0 0 0 
			0 0 0 0 0 0 0 0 0 0 0 0 0 0 0 0 0 0 0 0 
			0 0 0 0 0 0 0 0 0 0 0 0 0 0 0 0 0 0 0 0 
			0 302 0 300 0 0 0 0 0 0 0 0 0 0 0 0 302 0 300 302 
		</structure>
	</plane>
</planes>
<entities>
<entity name = '' title = '' ai-behavior = '1' nick = '' y = '8' x = '9' genus = '1' class = '' />
<entity name = '' title = '' ai-behavior = '1' nick = '' y = '9' x = '18' genus = '1' class = '' />
<entity name = '' title = '' ai-behavior = '1' nick = '' y = '9' x = '5' genus = '1' class = '' />
<entity name = 'player1' title = '' ai-behavior = '1' nick = 'Bomb Vending Machine' y = '5' x = '4' genus = '2' class = 'bomb-vending-machine' />
<entity name = 'player2' title = '' ai-behavior = '1' nick = 'Bomb Vending Machine' y = '5' x = '10' genus = '2' class = 'bomb-vending-machine' />
<entity name = 'player3' title = '' ai-behavior = '1' nick = 'Bomb Vending Machine' y = '5' x = '16' genus = '2' class = 'bomb-vending-machine' />
<entity name = '' title = '' ai-behavior = '1' nick = '' y = '3' x = '6' genus = '5' class = '' />
<entity name = '' title = '' ai-behavior = '1' nick = '' y = '3' x = '4' genus = '5' class = '' />
<entity name = '' title = '' ai-behavior = '1' nick = '' y = '3' x = '13' genus = '5' class = '' />
<entity name = '' title = '' ai-behavior = '1' nick = '' y = '3' x = '15' genus = '5' class = '' />
<entity name = '' title = '' ai-behavior = '1' nick = '' y = '3' x = '17' genus = '5' class = '' />
<entity name = '' title = '' ai-behavior = '1' nick = '' y = '3' x = '2' genus = '5' class = '' />
<entity name = 'gold1' title = '' ai-behavior = '1' nick = '' y = '13' x = '17' genus = '6' class = '' />
<entity name = 'gold3' title = '' ai-behavior = '1' nick = '' y = '13' x = '10' genus = '6' class = '' />
<entity name = 'gold2' title = '' ai-behavior = '1' nick = '' y = '12' x = '14' genus = '6' class = '' />
<entity name = 'gold4' title = '' ai-behavior = '1' nick = '' y = '11' x = '8' genus = '6' class = '' />
<entity name = 'gold5' title = '' ai-behavior = '1' nick = '' y = '12' x = '3' genus = '6' class = '' />
<entity name = 'gold6' title = '' ai-behavior = '1' nick = '' y = '13' x = '1' genus = '6' class = '' />
<entity name = 'gold7' title = '' ai-behavior = '1' nick = '' y = '9' x = '0' genus = '6' class = '' />
<entity name = 'gold8' title = '' ai-behavior = '1' nick = '' y = '10' x = '9' genus = '6' class = '' />
<entity name = 'gold9' title = '' ai-behavior = '1' nick = '' y = '8' x = '12' genus = '6' class = '' />
<entity name = 'gold10' title = '' ai-behavior = '1' nick = '' y = '5' x = '18' genus = '6' class = '' />
<entity name = 'gold11' title = '' ai-behavior = '1' nick = '' y = '4' x = '10' genus = '6' class = '' />
<entity name = 'gold12' title = '' ai-behavior = '1' nick = '' y = '5' x = '7' genus = '6' class = '' />
<entity name = 'gold13' title = '' ai-behavior = '1' nick = '' y = '5' x = '1' genus = '6' class = '' />
<entity name = 'gold14' title = '' ai-behavior = '1' nick = '' y = '0' x = '3' genus = '6' class = '' />
<entity name = 'gold15' title = '' ai-behavior = '1' nick = '' y = '1' x = '5' genus = '6' class = '' />
<entity name = 'gold16' title = '' ai-behavior = '1' nick = '' y = '1' x = '14' genus = '6' class = '' />
<entity name = 'player1.respawn' title = '' ai-behavior = '1' nick = 'Bomb Vending Machine' y = '1' x = '6' genus = '12' class = 'bomb-vending-machine' />
<entity name = 'player2.respawn' title = '' ai-behavior = '1' nick = 'Bomb Vending Machine' y = '1' x = '10' genus = '12' class = 'bomb-vending-machine' />
<entity name = 'player3.respawn' title = '' ai-behavior = '1' nick = 'Bomb Vending Machine' y = '1' x = '15' genus = '12' class = 'bomb-vending-machine' />
</entities>
<triggers>
<trigger prompt = '' name = 'controller' height = '1' width = '1' behavior = '1' y = '5' x = '4'>
	<touch />
	<hover />
	<exit />
</trigger>
</triggers>
<scripts />
