<params>
	<param key = 'layer' value = '1' />
	<param key = 'type' value = 'linear' />
	<param key = 'next-map' value = 'level10' />
</params>
<planes>
	<plane name = 'Untitled Plane' x = '0' y = '0' modal = '0'>
		<structure>
			0 0 0 0 0 0 0 0 0 0 0 0 0 0 0 0 0 0 0 0 
			0 0 0 0 0 0 0 0 0 0 0 0 0 0 0 0 0 0 0 0 
			0 0 147 0 0 0 0 0 0 0 0 0 0 0 0 0 0 229 0 0 
			0 118 119 152 218 219 218 217 218 219 218 216 219 218 217 218 153 119 207 0 
			0 97 97 153 0 0 0 0 0 147 147 0 0 0 0 0 152 98 119 0 
			0 0 207 152 0 0 0 0 153 118 110 152 0 0 0 0 152 96 0 0 
			0 118 119 152 0 0 0 0 153 0 0 152 0 0 0 0 152 96 117 0 
			0 0 0 154 0 0 0 0 154 0 0 153 0 0 0 0 152 0 0 0 
			0 0 0 154 216 216 219 229 153 0 0 152 147 218 218 218 153 0 0 0 
			0 0 0 153 0 147 147 118 154 0 0 154 118 0 229 147 153 0 0 0 
			0 0 0 154 117 110 111 96 152 0 0 152 110 111 116 110 152 0 0 0 
			0 0 0 153 0 0 0 0 154 147 0 153 0 0 0 0 153 0 0 0 
			0 0 0 152 217 217 217 218 154 111 117 153 219 216 217 218 153 0 0 0 
			229 147 147 0 147 147 147 0 154 0 147 153 229 0 147 147 0 147 147 0 
			117 119 110 111 110 119 117 118 110 111 118 117 119 116 110 111 118 117 110 116 
		</structure>
	</plane>
	<plane name = 'mask' x = '0' y = '0' modal = '1'>
		<structure>
			0 0 0 0 0 0 0 0 0 0 0 0 0 0 0 0 0 0 0 0 
			0 0 0 0 0 0 0 0 0 0 0 0 0 0 0 0 0 0 0 0 
			0 0 0 0 0 0 0 0 0 0 0 0 0 0 0 0 0 0 0 0 
			0 0 0 0 0 0 0 0 0 0 0 0 0 0 0 0 0 0 0 0 
			0 0 0 0 0 0 0 0 0 0 0 0 0 0 0 0 0 0 302 0 
			0 0 0 0 0 0 0 0 0 0 0 0 0 0 0 0 0 0 0 0 
			0 300 302 0 0 0 0 0 0 0 0 0 0 0 0 0 0 300 302 0 
			0 0 0 0 0 0 0 0 0 0 0 0 0 0 0 0 0 0 0 0 
			0 0 0 0 0 0 0 0 0 0 0 0 0 0 0 0 0 0 0 0 
			0 0 0 0 0 0 0 0 0 0 0 0 0 0 0 0 0 0 0 0 
			0 0 0 0 302 0 0 0 0 0 0 0 0 0 302 0 0 0 0 0 
			0 0 0 0 0 0 0 0 0 0 0 0 0 0 0 0 0 0 0 0 
			0 0 0 0 0 0 0 0 0 0 0 0 0 0 0 0 0 0 0 0 
			0 0 0 0 0 0 0 0 0 0 0 0 0 0 0 0 0 0 0 0 
			300 302 0 0 0 300 0 0 0 0 300 0 0 302 0 0 300 302 0 302 
		</structure>
	</plane>
</planes>
<entities>
<entity name = '' title = '' ai-behavior = '1' nick = '' y = '2' x = '2' genus = '1' class = '' />
<entity name = '' title = '' ai-behavior = '1' nick = '' y = '2' x = '14' genus = '1' class = '' />
<entity name = '' title = '' ai-behavior = '1' nick = '' y = '4' x = '10' genus = '1' class = '' />
<entity name = 'player1' title = '' ai-behavior = '1' nick = 'Bomb Vending Machine' y = '13' x = '5' genus = '2' class = 'bomb-vending-machine' />
<entity name = 'player2' title = '' ai-behavior = '1' nick = 'Bomb Vending Machine' y = '13' x = '16' genus = '2' class = 'bomb-vending-machine' />
<entity name = 'player3' title = '' ai-behavior = '1' nick = 'Bomb Vending Machine' y = '13' x = '13' genus = '2' class = 'bomb-vending-machine' />
<entity name = '' title = '' ai-behavior = '1' nick = '' y = '0' x = '5' genus = '5' class = '' />
<entity name = '' title = '' ai-behavior = '1' nick = '' y = '0' x = '7' genus = '5' class = '' />
<entity name = '' title = '' ai-behavior = '1' nick = '' y = '0' x = '9' genus = '5' class = '' />
<entity name = '' title = '' ai-behavior = '1' nick = '' y = '0' x = '11' genus = '5' class = '' />
<entity name = '' title = '' ai-behavior = '1' nick = '' y = '0' x = '13' genus = '5' class = '' />
<entity name = '' title = '' ai-behavior = '1' nick = '' y = '0' x = '15' genus = '5' class = '' />
<entity name = 'gold1' title = '' ai-behavior = '1' nick = '' y = '4' x = '14' genus = '6' class = '' />
<entity name = 'gold2' title = '' ai-behavior = '1' nick = '' y = '6' x = '12' genus = '6' class = '' />
<entity name = 'gold3' title = '' ai-behavior = '1' nick = '' y = '2' x = '4' genus = '6' class = '' />
<entity name = 'gold4' title = '' ai-behavior = '1' nick = '' y = '5' x = '1' genus = '6' class = '' />
<entity name = 'gold5' title = '' ai-behavior = '1' nick = '' y = '10' x = '1' genus = '6' class = '' />
<entity name = 'gold6' title = '' ai-behavior = '1' nick = '' y = '8' x = '2' genus = '6' class = '' />
<entity name = 'gold7' title = '' ai-behavior = '1' nick = '' y = '13' x = '4' genus = '6' class = '' />
<entity name = 'gold8' title = '' ai-behavior = '1' nick = '' y = '13' x = '9' genus = '6' class = '' />
<entity name = 'gold9' title = '' ai-behavior = '1' nick = '' y = '11' x = '10' genus = '6' class = '' />
<entity name = 'gold10' title = '' ai-behavior = '1' nick = '' y = '7' x = '9' genus = '6' class = '' />
<entity name = 'gold11' title = '' ai-behavior = '1' nick = '' y = '11' x = '14' genus = '6' class = '' />
<entity name = 'gold12' title = '' ai-behavior = '1' nick = '' y = '9' x = '13' genus = '6' class = '' />
<entity name = 'gold13' title = '' ai-behavior = '1' nick = '' y = '7' x = '15' genus = '6' class = '' />
<entity name = 'gold14' title = '' ai-behavior = '1' nick = '' y = '5' x = '18' genus = '6' class = '' />
<entity name = 'gold15' title = '' ai-behavior = '1' nick = '' y = '10' x = '18' genus = '6' class = '' />
<entity name = 'gold16' title = '' ai-behavior = '1' nick = '' y = '2' x = '17' genus = '6' class = '' />
<entity name = 'gold17' title = '' ai-behavior = '1' nick = '' y = '13' x = '19' genus = '6' class = '' />
<entity name = 'player1.respawn' title = '' ai-behavior = '1' nick = 'Bomb Vending Machine' y = '2' x = '2' genus = '12' class = 'bomb-vending-machine' />
<entity name = 'player2.respawn' title = '' ai-behavior = '1' nick = 'Bomb Vending Machine' y = '2' x = '17' genus = '12' class = 'bomb-vending-machine' />
<entity name = 'player3.respawn' title = '' ai-behavior = '1' nick = 'Bomb Vending Machine' y = '4' x = '10' genus = '12' class = 'bomb-vending-machine' />
</entities>
<triggers>
<trigger prompt = '' name = 'controller' height = '1' width = '1' behavior = '1' y = '13' x = '5'>
	<touch />
	<hover />
	<exit />
</trigger>
</triggers>
<scripts />
