<params>
	<param key = 'layer' value = '1' />
	<param key = 'type' value = 'linear' />
	<param key = 'next-map' value = 'level18' />
</params>
<planes>
	<plane name = 'Untitled Plane' x = '0' y = '0' modal = '0'>
		<structure>
			0 0 0 0 0 0 0 0 0 0 0 0 0 0 0 0 0 0 0 0 
			0 0 0 0 0 0 0 0 0 0 0 0 0 0 0 0 0 0 0 0 
			0 0 0 0 0 0 0 0 0 0 0 0 0 0 0 0 0 0 0 0 
			0 0 0 0 0 0 0 0 0 0 0 0 0 0 0 0 0 0 0 0 
			0 0 0 0 0 0 0 0 0 0 0 0 0 0 0 0 0 0 0 0 
			0 217 219 217 217 217 217 219 153 193 185 153 218 218 219 217 218 217 217 0 
			153 0 0 0 0 0 0 0 152 0 0 153 0 0 0 0 0 0 0 152 
			154 0 0 0 0 0 0 0 153 211 0 152 0 0 0 0 0 0 0 154 
			152 0 0 0 0 211 0 0 154 189 180 154 0 0 211 211 0 0 0 152 
			152 0 152 207 184 110 152 0 154 0 0 152 0 152 111 180 195 154 0 152 
			152 219 154 197 0 0 154 216 154 0 211 154 219 153 0 0 166 152 217 152 
			0 0 153 0 0 0 154 0 153 188 183 152 0 154 0 0 0 152 0 0 
			0 0 152 0 0 0 154 0 154 0 0 153 0 152 0 0 0 154 0 0 
			0 211 152 211 211 0 154 211 152 0 211 153 0 153 211 0 211 152 0 0 
			195 184 110 111 194 198 187 198 110 192 193 186 188 192 111 189 188 110 191 188 
		</structure>
	</plane>
	<plane name = 'mask' x = '0' y = '0' modal = '1'>
		<structure>
			0 0 0 0 0 0 0 0 0 0 0 0 0 0 0 0 0 0 0 0 
			0 0 0 0 0 0 0 0 0 0 0 0 0 0 0 0 0 0 0 0 
			0 0 0 0 0 0 0 0 0 0 0 0 0 0 0 0 0 0 0 0 
			0 0 0 0 0 0 0 0 0 0 0 0 0 0 0 0 0 0 0 0 
			0 0 0 0 0 0 0 0 0 0 0 0 0 0 0 0 0 0 0 0 
			0 0 0 0 0 0 0 0 0 300 302 0 0 0 0 0 0 0 0 0 
			0 0 0 0 0 0 0 0 0 0 0 0 0 0 0 0 0 0 0 0 
			0 0 0 0 0 0 0 0 0 0 0 0 0 0 0 0 0 0 0 0 
			0 0 0 0 0 0 0 0 0 0 302 0 0 0 0 0 0 0 0 0 
			0 0 0 0 302 0 0 0 0 0 0 0 0 0 0 0 0 0 0 0 
			0 0 0 302 0 0 0 0 0 0 0 0 0 0 0 0 0 0 0 0 
			0 0 0 0 0 0 0 0 0 300 302 0 0 0 0 0 0 0 0 0 
			0 0 0 0 0 0 0 0 0 0 0 0 0 0 0 0 0 0 0 0 
			0 0 0 0 0 0 0 0 0 0 0 0 0 0 0 0 0 0 0 0 
			300 302 0 0 300 0 0 302 0 300 0 0 0 302 0 0 302 0 0 302 
		</structure>
	</plane>
</planes>
<entities>
<entity name = '' title = '' ai-behavior = '1' nick = '' y = '3' x = '17' genus = '1' class = '' />
<entity name = '' title = '' ai-behavior = '1' nick = '' y = '3' x = '14' genus = '1' class = '' />
<entity name = '' title = '' ai-behavior = '1' nick = '' y = '3' x = '5' genus = '1' class = '' />
<entity name = '' title = '' ai-behavior = '1' nick = '' y = '3' x = '2' genus = '1' class = '' />
<entity name = 'player1' title = '' ai-behavior = '1' nick = 'Bomb Vending Machine' y = '13' x = '4' genus = '2' class = 'bomb-vending-machine' />
<entity name = 'player2' title = '' ai-behavior = '1' nick = 'Bomb Vending Machine' y = '13' x = '15' genus = '2' class = 'bomb-vending-machine' />
<entity name = 'player3' title = '' ai-behavior = '1' nick = 'Bomb Vending Machine' y = '13' x = '9' genus = '2' class = 'bomb-vending-machine' />
<entity name = '' title = '' ai-behavior = '1' nick = '' y = '1' x = '1' genus = '5' class = '' />
<entity name = '' title = '' ai-behavior = '1' nick = '' y = '1' x = '4' genus = '5' class = '' />
<entity name = '' title = '' ai-behavior = '1' nick = '' y = '1' x = '7' genus = '5' class = '' />
<entity name = '' title = '' ai-behavior = '1' nick = '' y = '1' x = '12' genus = '5' class = '' />
<entity name = '' title = '' ai-behavior = '1' nick = '' y = '1' x = '15' genus = '5' class = '' />
<entity name = '' title = '' ai-behavior = '1' nick = '' y = '1' x = '18' genus = '5' class = '' />
<entity name = 'gold1' title = '' ai-behavior = '1' nick = '' y = '12' x = '1' genus = '6' class = '' />
<entity name = 'gold2' title = '' ai-behavior = '1' nick = '' y = '8' x = '4' genus = '6' class = '' />
<entity name = 'gold3' title = '' ai-behavior = '1' nick = '' y = '6' x = '6' genus = '6' class = '' />
<entity name = 'gold4' title = '' ai-behavior = '1' nick = '' y = '7' x = '1' genus = '6' class = '' />
<entity name = 'gold5' title = '' ai-behavior = '1' nick = '' y = '10' x = '9' genus = '6' class = '' />
<entity name = 'gold6' title = '' ai-behavior = '1' nick = '' y = '13' x = '10' genus = '6' class = '' />
<entity name = 'gold7' title = '' ai-behavior = '1' nick = '' y = '7' x = '12' genus = '6' class = '' />
<entity name = 'gold8' title = '' ai-behavior = '1' nick = '' y = '10' x = '15' genus = '6' class = '' />
<entity name = 'gold9' title = '' ai-behavior = '1' nick = '' y = '13' x = '18' genus = '6' class = '' />
<entity name = 'gold10' title = '' ai-behavior = '1' nick = '' y = '6' x = '16' genus = '6' class = '' />
<entity name = 'gold11' title = '' ai-behavior = '1' nick = '' y = '4' x = '10' genus = '6' class = '' />
<entity name = 'player1.respawn' title = '' ai-behavior = '1' nick = 'Bomb Vending Machine' y = '10' x = '4' genus = '12' class = 'bomb-vending-machine' />
<entity name = 'player2.respawn' title = '' ai-behavior = '1' nick = 'Bomb Vending Machine' y = '10' x = '15' genus = '12' class = 'bomb-vending-machine' />
<entity name = 'player3.respawn' title = '' ai-behavior = '1' nick = 'Bomb Vending Machine' y = '6' x = '15' genus = '12' class = 'bomb-vending-machine' />
</entities>
<triggers>
<trigger prompt = '' name = 'controller' height = '1' width = '1' behavior = '1' y = '13' x = '4'>
	<touch />
	<hover />
	<exit />
</trigger>
</triggers>
<scripts />
