<params>
	<param key = 'layer' value = '1' />
	<param key = 'type' value = 'linear' />
	<param key = 'next-map' value = 'level7' />
</params>
<planes>
	<plane name = 'Untitled Plane' x = '0' y = '0' modal = '0'>
		<structure>
			0 0 0 0 0 0 0 0 0 0 0 0 0 0 0 0 0 0 0 0 0 
			0 0 147 147 0 229 0 0 0 0 0 0 0 0 0 0 147 147 147 229 0 
			153 207 118 111 117 116 152 147 147 0 0 0 229 147 152 117 119 116 110 119 154 
			154 118 0 0 0 96 153 119 116 110 152 119 116 117 152 97 0 0 0 97 152 
			152 0 216 218 218 0 152 0 0 147 154 147 0 0 154 0 219 218 217 0 153 
			0 119 0 0 0 119 119 118 110 119 152 116 117 111 119 117 0 0 0 118 0 
			0 98 118 0 118 99 0 0 0 0 154 0 0 0 0 98 118 0 118 96 0 
			0 147 0 147 147 0 154 118 117 116 154 119 117 119 152 0 147 147 0 0 0 
			0 117 154 119 111 119 154 147 229 0 153 0 147 147 153 207 116 118 152 117 0 
			0 99 154 0 0 97 116 117 119 117 154 119 110 116 119 118 0 0 154 98 0 
			0 229 153 216 218 0 0 0 147 147 152 147 0 0 0 0 218 217 152 147 0 
			153 117 153 147 147 116 116 154 119 110 119 116 207 153 119 118 0 0 152 118 153 
			152 99 110 111 116 98 0 152 207 0 0 0 116 152 0 99 110 111 118 98 153 
			152 0 0 0 0 0 0 154 116 229 0 0 96 153 0 0 0 0 0 0 154 
			152 216 216 218 218 219 218 152 96 118 119 111 97 154 217 218 216 217 219 219 154 
		</structure>
	</plane>
	<plane name = 'mask' x = '0' y = '0' modal = '1'>
		<structure>
			0 0 0 0 0 0 0 0 0 0 0 0 0 0 0 0 0 0 0 0 0 
			0 0 0 0 0 0 0 0 0 0 0 0 0 0 0 0 0 0 0 0 0 
			0 0 302 0 300 0 0 0 0 0 0 0 0 0 0 0 0 0 0 0 0 
			0 302 0 0 0 0 0 0 302 0 0 300 0 302 0 0 0 0 0 302 0 
			0 0 0 0 0 0 0 0 0 0 0 0 0 0 0 0 0 0 0 0 0 
			0 0 0 0 0 0 0 302 0 0 0 0 0 0 300 0 0 0 0 0 0 
			0 300 302 0 300 302 0 0 0 0 0 0 0 0 0 300 0 0 300 302 0 
			0 0 0 0 0 0 0 0 0 302 0 300 0 302 0 0 0 0 0 0 0 
			0 0 0 0 0 0 0 0 0 0 0 0 0 0 0 0 300 302 0 0 0 
			0 302 0 0 0 0 0 0 0 302 0 300 0 300 0 302 0 0 0 302 0 
			0 0 0 0 0 0 0 0 0 0 0 0 0 0 0 0 0 0 0 0 0 
			0 0 0 0 0 0 302 0 0 0 300 0 0 0 300 0 0 0 0 0 0 
			0 300 0 0 300 302 0 0 0 0 0 0 0 0 0 300 0 0 300 302 0 
			0 0 0 0 0 0 0 0 0 0 0 0 0 0 0 0 0 0 0 0 0 
			0 0 0 0 0 0 0 0 300 0 302 0 302 0 0 0 0 0 0 0 0 
		</structure>
	</plane>
</planes>
<entities>
<entity name = '' title = '' ai-behavior = '1' nick = '' y = '10' x = '8' genus = '1' class = '' />
<entity name = '' title = '' ai-behavior = '1' nick = '' y = '10' x = '15' genus = '1' class = '' />
<entity name = '' title = '' ai-behavior = '1' nick = '' y = '1' x = '5' genus = '1' class = '' />
<entity name = 'player1' title = '' ai-behavior = '1' nick = 'Bomb Vending Machine' y = '6' x = '7' genus = '2' class = 'bomb-vending-machine' />
<entity name = 'player2' title = '' ai-behavior = '1' nick = 'Bomb Vending Machine' y = '6' x = '13' genus = '2' class = 'bomb-vending-machine' />
<entity name = 'player3' title = '' ai-behavior = '1' nick = 'Bomb Vending Machine' y = '1' x = '16' genus = '2' class = 'bomb-vending-machine' />
<entity name = '' title = '' ai-behavior = '1' nick = '' y = '0' x = '7' genus = '5' class = '' />
<entity name = '' title = '' ai-behavior = '1' nick = '' y = '0' x = '9' genus = '5' class = '' />
<entity name = '' title = '' ai-behavior = '1' nick = '' y = '0' x = '11' genus = '5' class = '' />
<entity name = '' title = '' ai-behavior = '1' nick = '' y = '0' x = '13' genus = '5' class = '' />
<entity name = '' title = '' ai-behavior = '1' nick = '' y = '0' x = '8' genus = '5' class = '' />
<entity name = '' title = '' ai-behavior = '1' nick = '' y = '0' x = '12' genus = '5' class = '' />
<entity name = 'gold1' title = '' ai-behavior = '1' nick = '' y = '3' x = '2' genus = '6' class = '' />
<entity name = 'gold2' title = '' ai-behavior = '1' nick = '' y = '4' x = '8' genus = '6' class = '' />
<entity name = 'gold4' title = '' ai-behavior = '1' nick = '' y = '1' x = '18' genus = '6' class = '' />
<entity name = 'gold5' title = '' ai-behavior = '1' nick = '' y = '3' x = '16' genus = '6' class = '' />
<entity name = 'gold6' title = '' ai-behavior = '1' nick = '' y = '6' x = '17' genus = '6' class = '' />
<entity name = 'gold3' title = '' ai-behavior = '1' nick = '' y = '6' x = '9' genus = '6' class = '' />
<entity name = 'gold7' title = '' ai-behavior = '1' nick = '' y = '10' x = '19' genus = '6' class = '' />
<entity name = 'gold8' title = '' ai-behavior = '1' nick = '' y = '9' x = '16' genus = '6' class = '' />
<entity name = 'gold10' title = '' ai-behavior = '1' nick = '' y = '13' x = '11' genus = '6' class = '' />
<entity name = 'gold9' title = '' ai-behavior = '1' nick = '' y = '12' x = '9' genus = '6' class = '' />
<entity name = 'gold11' title = '' ai-behavior = '1' nick = '' y = '10' x = '6' genus = '6' class = '' />
<entity name = 'gold12' title = '' ai-behavior = '1' nick = '' y = '8' x = '0' genus = '6' class = '' />
<entity name = 'gold13' title = '' ai-behavior = '1' nick = '' y = '11' x = '3' genus = '6' class = '' />
<entity name = 'gold14' title = '' ai-behavior = '1' nick = '' y = '13' x = '5' genus = '6' class = '' />
<entity name = 'gold15' title = '' ai-behavior = '1' nick = '' y = '8' x = '12' genus = '6' class = '' />
<entity name = 'gold16' title = '' ai-behavior = '1' nick = '' y = '2' x = '11' genus = '6' class = '' />
<entity name = 'gold17' title = '' ai-behavior = '1' nick = '' y = '1' x = '4' genus = '6' class = '' />
<entity name = 'player1.respawn' title = '' ai-behavior = '1' nick = 'Bomb Vending Machine' y = '1' x = '3' genus = '12' class = 'bomb-vending-machine' />
<entity name = 'player3.respawn' title = '' ai-behavior = '1' nick = 'Bomb Vending Machine' y = '1' x = '17' genus = '12' class = 'bomb-vending-machine' />
<entity name = 'player2.respawn' title = '' ai-behavior = '1' nick = 'Bomb Vending Machine' y = '2' x = '13' genus = '12' class = 'bomb-vending-machine' />
</entities>
<triggers>
<trigger prompt = '' name = 'controller' height = '1' width = '1' behavior = '1' y = '6' x = '7'>
	<touch />
	<hover />
	<exit />
</trigger>
</triggers>
<scripts />
