<params>
	<param key = 'layer' value = '1' />
	<param key = 'type' value = 'linear' />
	<param key = 'next-map' value = 'level17' />
</params>
<planes>
	<plane name = 'Untitled Plane' x = '0' y = '0' modal = '0'>
		<structure>
			0 0 0 0 0 0 0 0 0 0 0 0 0 0 0 0 0 0 0 0 0 0 0 0 0 0 0 0 0 0 0 0 0 0 0 0 0 0 0 0 
			0 0 0 0 0 0 0 211 211 0 0 0 211 0 0 0 0 0 0 0 0 0 0 0 0 0 0 211 0 0 0 0 211 211 0 0 0 0 0 0 
			0 0 0 0 0 152 195 189 111 181 187 207 196 195 153 218 217 218 216 217 217 217 219 218 219 153 186 110 184 184 186 194 185 110 152 0 0 0 0 0 
			0 0 0 0 0 152 171 177 0 0 163 181 170 0 153 0 0 0 0 0 0 0 0 0 0 154 169 0 0 0 164 207 178 0 152 0 0 0 0 0 
			0 0 0 0 0 154 172 0 0 0 0 168 0 0 154 0 0 0 0 0 0 0 0 0 0 152 0 0 0 0 0 198 0 0 152 0 0 0 0 0 
			0 0 0 0 0 152 211 0 0 211 211 0 0 211 154 0 0 0 0 0 0 0 0 0 0 154 0 0 211 211 0 0 0 211 152 0 0 0 0 0 
			0 0 0 153 187 180 110 194 184 182 110 111 198 180 195 190 153 217 217 219 218 218 217 154 197 187 181 207 184 111 191 186 193 185 191 186 153 0 0 0 
			0 0 0 152 0 0 0 0 176 207 0 0 164 178 0 0 152 0 0 0 0 0 0 152 0 0 0 196 167 0 171 177 0 0 0 0 154 0 0 0 
			0 0 0 154 0 0 0 0 0 197 0 0 165 0 0 0 152 0 0 0 0 0 0 152 0 0 0 0 162 0 178 0 0 0 0 0 154 0 0 0 
			0 0 0 154 211 211 0 211 0 0 211 211 0 0 0 211 154 0 0 0 0 0 0 154 211 0 0 211 211 0 0 211 211 0 0 0 152 0 0 0 
			0 154 111 198 197 181 184 111 196 184 196 183 185 187 189 110 195 207 154 217 216 152 197 189 194 193 188 188 110 188 194 110 111 187 186 188 185 190 154 0 
			0 154 0 0 0 163 161 0 173 174 0 0 0 160 169 0 162 199 153 0 0 154 0 0 0 0 172 169 0 167 175 0 0 207 161 0 0 0 154 0 
			0 152 0 0 0 0 161 0 174 0 0 0 0 0 165 0 177 0 154 0 0 153 0 0 0 0 0 168 0 0 164 0 0 191 0 0 0 0 152 0 
			0 153 211 211 211 0 0 0 0 211 0 0 211 211 0 0 211 211 154 0 211 152 0 0 211 211 0 0 0 211 0 0 0 0 211 211 211 0 152 0 
			185 194 184 185 110 198 198 189 180 110 111 194 197 110 193 187 195 198 191 181 110 184 188 110 111 184 183 198 194 199 197 189 182 197 185 111 199 198 192 193 
		</structure>
	</plane>
	<plane name = 'mask' x = '0' y = '0' modal = '1'>
		<structure>
			0 0 0 0 0 0 0 0 0 0 0 0 0 0 0 0 0 0 0 0 0 0 0 0 0 0 0 0 0 0 0 0 0 0 0 0 0 0 0 0 
			0 0 0 0 0 0 0 0 0 0 0 0 0 0 0 0 0 0 0 0 0 0 0 0 0 0 0 0 0 0 0 0 0 0 0 0 0 0 0 0 
			0 0 0 0 0 0 0 0 0 300 0 0 0 0 0 0 0 0 0 0 0 0 0 0 0 0 0 0 0 0 0 0 0 0 0 0 0 0 0 0 
			0 0 0 0 0 0 0 302 0 0 0 0 0 0 0 0 0 0 0 0 0 0 0 0 0 0 0 0 0 0 0 0 0 0 0 0 0 0 0 0 
			0 0 0 0 0 0 302 0 0 0 0 0 0 0 0 0 0 0 0 0 0 0 0 0 0 0 0 0 0 0 0 0 0 0 0 0 0 0 0 0 
			0 0 0 0 0 0 0 0 0 0 0 0 0 0 0 0 0 0 0 0 0 0 0 0 0 0 0 0 0 0 0 0 0 0 0 0 0 0 0 0 
			0 0 0 0 300 302 0 300 0 302 0 0 0 0 0 302 0 0 0 0 0 0 0 0 300 0 0 0 0 0 0 0 0 0 0 0 0 0 0 0 
			0 0 0 0 0 0 0 0 300 0 0 0 0 302 0 0 0 0 0 0 0 0 0 0 0 0 0 300 0 0 0 302 0 0 0 0 0 0 0 0 
			0 0 0 0 0 0 0 0 0 0 0 0 0 0 0 0 0 0 0 0 0 0 0 0 0 0 0 0 0 0 302 0 0 0 0 0 0 0 0 0 
			0 0 0 0 0 0 0 0 0 0 0 0 0 0 0 0 0 0 0 0 0 0 0 0 0 0 0 0 0 0 0 0 0 0 0 0 0 0 0 0 
			0 0 0 300 0 0 0 0 0 0 0 0 0 0 0 0 0 0 0 0 0 0 300 0 0 0 0 0 0 0 0 0 0 300 0 0 0 302 0 0 
			0 0 0 0 0 0 0 0 0 302 0 0 0 300 0 0 0 302 0 0 0 0 0 0 0 0 0 0 0 300 0 0 0 0 0 0 0 0 0 0 
			0 0 0 0 0 0 0 0 0 0 0 0 0 0 0 0 300 0 0 0 0 0 0 0 0 0 0 300 0 0 0 0 0 0 0 0 0 0 0 0 
			0 0 0 0 0 0 0 0 0 0 0 0 0 0 0 0 0 0 0 0 0 0 0 0 0 0 0 0 0 0 0 0 0 0 0 0 0 0 0 0 
			300 0 0 302 0 0 0 0 0 0 0 300 302 0 300 0 0 0 0 0 0 300 0 0 0 300 0 0 0 0 0 0 0 0 302 0 300 0 0 0 
		</structure>
	</plane>
</planes>
<entities>
<entity name = '' title = '' ai-behavior = '1' nick = '' y = '13' x = '7' genus = '1' class = '' />
<entity name = '' title = '' ai-behavior = '1' nick = '' y = '1' x = '10' genus = '1' class = '' />
<entity name = '' title = '' ai-behavior = '1' nick = '' y = '1' x = '30' genus = '1' class = '' />
<entity name = '' title = '' ai-behavior = '1' nick = '' y = '13' x = '33' genus = '1' class = '' />
<entity name = '' title = '' ai-behavior = '1' nick = '' y = '13' x = '23' genus = '1' class = '' />
<entity name = 'player1' title = '' ai-behavior = '1' nick = 'Bomb Vending Machine' y = '9' x = '5' genus = '2' class = 'bomb-vending-machine' />
<entity name = 'player2' title = '' ai-behavior = '1' nick = 'Bomb Vending Machine' y = '9' x = '10' genus = '2' class = 'bomb-vending-machine' />
<entity name = 'player3' title = '' ai-behavior = '1' nick = 'Bomb Vending Machine' y = '9' x = '14' genus = '2' class = 'bomb-vending-machine' />
<entity name = '' title = '' ai-behavior = '1' nick = '' y = '0' x = '36' genus = '5' class = '' />
<entity name = '' title = '' ai-behavior = '1' nick = '' y = '0' x = '31' genus = '5' class = '' />
<entity name = '' title = '' ai-behavior = '1' nick = '' y = '0' x = '26' genus = '5' class = '' />
<entity name = '' title = '' ai-behavior = '1' nick = '' y = '0' x = '21' genus = '5' class = '' />
<entity name = '' title = '' ai-behavior = '1' nick = '' y = '0' x = '16' genus = '5' class = '' />
<entity name = '' title = '' ai-behavior = '1' nick = '' y = '0' x = '11' genus = '5' class = '' />
<entity name = '' title = '' ai-behavior = '1' nick = '' y = '0' x = '6' genus = '5' class = '' />
<entity name = '' title = '' ai-behavior = '1' nick = '' y = '0' x = '1' genus = '5' class = '' />
<entity name = 'gold1' title = '' ai-behavior = '1' nick = '' y = '1' x = '8' genus = '6' class = '' />
<entity name = 'gold2' title = '' ai-behavior = '1' nick = '' y = '4' x = '10' genus = '6' class = '' />
<entity name = 'gold3' title = '' ai-behavior = '1' nick = '' y = '3' x = '13' genus = '6' class = '' />
<entity name = 'gold4' title = '' ai-behavior = '1' nick = '' y = '2' x = '17' genus = '6' class = '' />
<entity name = 'gold5' title = '' ai-behavior = '1' nick = '' y = '4' x = '20' genus = '6' class = '' />
<entity name = 'gold6' title = '' ai-behavior = '1' nick = '' y = '3' x = '23' genus = '6' class = '' />
<entity name = 'gold7' title = '' ai-behavior = '1' nick = '' y = '8' x = '21' genus = '6' class = '' />
<entity name = 'gold8' title = '' ai-behavior = '1' nick = '' y = '9' x = '17' genus = '6' class = '' />
<entity name = 'gold9' title = '' ai-behavior = '1' nick = '' y = '11' x = '15' genus = '6' class = '' />
<entity name = 'gold10' title = '' ai-behavior = '1' nick = '' y = '12' x = '7' genus = '6' class = '' />
<entity name = 'gold11' title = '' ai-behavior = '1' nick = '' y = '13' x = '11' genus = '6' class = '' />
<entity name = 'gold12' title = '' ai-behavior = '1' nick = '' y = '12' x = '0' genus = '6' class = '' />
<entity name = 'gold13' title = '' ai-behavior = '1' nick = '' y = '9' x = '4' genus = '6' class = '' />
<entity name = 'gold14' title = '' ai-behavior = '1' nick = '' y = '5' x = '6' genus = '6' class = '' />
<entity name = 'gold15' title = '' ai-behavior = '1' nick = '' y = '13' x = '20' genus = '6' class = '' />
<entity name = 'gold16' title = '' ai-behavior = '1' nick = '' y = '12' x = '26' genus = '6' class = '' />
<entity name = 'gold17' title = '' ai-behavior = '1' nick = '' y = '11' x = '28' genus = '6' class = '' />
<entity name = 'gold18' title = '' ai-behavior = '1' nick = '' y = '8' x = '29' genus = '6' class = '' />
<entity name = 'gold20' title = '' ai-behavior = '1' nick = '' y = '5' x = '27' genus = '6' class = '' />
<entity name = 'gold19' title = '' ai-behavior = '1' nick = '' y = '5' x = '33' genus = '6' class = '' />
<entity name = 'gold21' title = '' ai-behavior = '1' nick = '' y = '1' x = '31' genus = '6' class = '' />
<entity name = 'gold22' title = '' ai-behavior = '1' nick = '' y = '3' x = '28' genus = '6' class = '' />
<entity name = 'gold23' title = '' ai-behavior = '1' nick = '' y = '9' x = '35' genus = '6' class = '' />
<entity name = 'gold24' title = '' ai-behavior = '1' nick = '' y = '13' x = '37' genus = '6' class = '' />
<entity name = 'gold25' title = '' ai-behavior = '1' nick = '' y = '11' x = '32' genus = '6' class = '' />
<entity name = 'player1.respawn' title = '' ai-behavior = '1' nick = 'Bomb Vending Machine' y = '3' x = '18' genus = '12' class = 'bomb-vending-machine' />
<entity name = 'player2.respawn' title = '' ai-behavior = '1' nick = 'Bomb Vending Machine' y = '3' x = '21' genus = '12' class = 'bomb-vending-machine' />
<entity name = 'player3.respawn' title = '' ai-behavior = '1' nick = 'Bomb Vending Machine' y = '7' x = '19' genus = '12' class = 'bomb-vending-machine' />
</entities>
<triggers>
<trigger prompt = '' name = 'controller' height = '1' width = '1' behavior = '1' y = '9' x = '5'>
	<touch />
	<hover />
	<exit />
</trigger>
</triggers>
<scripts />
