<params>
	<param key = 'layer' value = '1' />
	<param key = 'type' value = 'linear' />
	<param key = 'next-map' value = 'level5' />
</params>
<planes>
	<plane name = 'Untitled Plane' x = '0' y = '0' modal = '0'>
		<structure>
			0 0 0 0 0 0 0 0 0 154 219 217 217 0 0 0 0 0 0 0 
			0 0 147 0 0 0 0 0 229 153 0 0 0 217 0 0 0 0 0 0 
			0 152 119 0 0 0 0 216 117 154 0 0 216 0 119 153 0 0 0 0 
			0 154 207 0 0 0 217 0 98 153 0 218 0 0 97 154 0 0 0 0 
			0 154 119 0 0 0 0 0 99 154 219 0 0 0 96 152 0 229 0 0 
			0 152 216 219 154 117 0 0 0 0 0 119 154 0 0 0 152 116 0 0 
			0 152 0 0 154 99 0 0 0 0 0 99 153 0 0 0 153 96 0 0 
			0 154 0 0 153 99 0 0 0 0 0 98 152 0 0 0 153 97 0 0 
			0 154 118 152 0 0 0 152 116 216 0 0 0 0 119 153 0 0 0 0 
			0 154 96 152 216 218 216 153 99 0 219 0 0 0 207 154 217 218 219 0 
			0 154 99 153 0 147 0 152 98 0 0 229 218 0 118 152 0 147 0 0 
			0 152 0 0 0 119 153 0 0 0 0 117 0 219 0 152 217 119 153 0 
			0 154 0 0 0 96 154 0 0 0 0 99 0 0 219 153 0 96 154 0 
			0 154 216 0 0 98 152 0 0 0 0 98 0 0 0 0 0 99 153 0 
			0 153 0 219 217 217 153 216 219 218 218 218 219 216 218 218 217 218 153 0 
		</structure>
	</plane>
	<plane name = 'mask' x = '0' y = '0' modal = '1'>
		<structure>
			0 0 0 0 0 0 0 0 0 0 0 0 0 0 0 0 0 0 0 0 
			0 0 0 0 0 0 0 0 0 0 0 0 0 0 0 0 0 0 0 0 
			0 0 0 0 0 0 0 0 0 0 0 0 0 0 0 0 0 0 0 0 
			0 0 0 0 0 0 0 0 0 0 0 0 0 0 0 0 0 0 0 0 
			0 0 0 0 0 0 0 0 302 0 0 0 0 0 300 0 0 0 0 0 
			0 0 0 0 0 0 0 0 0 0 0 0 0 0 0 0 0 0 0 0 
			0 0 0 0 0 0 0 0 0 0 0 0 0 0 0 0 0 0 0 0 
			0 0 0 0 0 0 0 0 0 0 0 0 0 0 0 0 0 0 0 0 
			0 0 0 0 0 0 0 0 0 0 0 0 0 0 0 0 0 0 0 0 
			0 0 0 0 0 0 0 0 0 0 0 0 0 0 0 0 0 0 0 0 
			0 0 302 0 0 0 0 0 302 0 0 0 0 0 0 0 0 0 0 0 
			0 0 0 0 0 0 0 0 0 0 0 0 0 0 0 0 0 0 0 0 
			0 0 0 0 0 0 0 0 0 0 0 0 0 0 0 0 0 0 0 0 
			0 0 0 0 0 300 0 0 0 0 0 0 0 0 0 0 0 300 0 0 
			0 0 0 0 0 0 0 0 0 0 0 0 0 0 0 0 0 0 0 0 
		</structure>
	</plane>
</planes>
<entities>
<entity name = '' title = '' ai-behavior = '1' nick = '' y = '13' x = '8' genus = '1' class = '' />
<entity name = 'player1' title = '' ai-behavior = '1' nick = 'Bomb Vending Machine' y = '7' x = '2' genus = '2' class = 'bomb-vending-machine' />
<entity name = 'player2' title = '' ai-behavior = '1' nick = 'Bomb Vending Machine' y = '7' x = '14' genus = '2' class = 'bomb-vending-machine' />
<entity name = 'player3' title = '' ai-behavior = '1' nick = 'Bomb Vending Machine' y = '4' x = '11' genus = '2' class = 'bomb-vending-machine' />
<entity name = '' title = '' ai-behavior = '1' nick = '' y = '0' x = '2' genus = '5' class = '' />
<entity name = '' title = '' ai-behavior = '1' nick = '' y = '0' x = '5' genus = '5' class = '' />
<entity name = '' title = '' ai-behavior = '1' nick = '' y = '0' x = '7' genus = '5' class = '' />
<entity name = '' title = '' ai-behavior = '1' nick = '' y = '0' x = '16' genus = '5' class = '' />
<entity name = '' title = '' ai-behavior = '1' nick = '' y = '0' x = '18' genus = '5' class = '' />
<entity name = '' title = '' ai-behavior = '1' nick = '' y = '1' x = '17' genus = '5' class = '' />
<entity name = '' title = '' ai-behavior = '1' nick = '' y = '1' x = '4' genus = '5' class = '' />
<entity name = 'gold1' title = '' ai-behavior = '1' nick = '' y = '4' x = '5' genus = '6' class = '' />
<entity name = 'gold2' title = '' ai-behavior = '1' nick = '' y = '2' x = '12' genus = '6' class = '' />
<entity name = 'gold3' title = '' ai-behavior = '1' nick = '' y = '6' x = '18' genus = '6' class = '' />
<entity name = 'gold4' title = '' ai-behavior = '1' nick = '' y = '10' x = '17' genus = '6' class = '' />
<entity name = 'gold5' title = '' ai-behavior = '1' nick = '' y = '13' x = '13' genus = '6' class = '' />
<entity name = 'gold6' title = '' ai-behavior = '1' nick = '' y = '11' x = '10' genus = '6' class = '' />
<entity name = 'gold7' title = '' ai-behavior = '1' nick = '' y = '7' x = '8' genus = '6' class = '' />
<entity name = 'gold8' title = '' ai-behavior = '1' nick = '' y = '9' x = '4' genus = '6' class = '' />
<entity name = 'gold9' title = '' ai-behavior = '1' nick = '' y = '2' x = '3' genus = '6' class = '' />
<entity name = 'gold10' title = '' ai-behavior = '1' nick = '' y = '1' x = '7' genus = '6' class = '' />
<entity name = 'gold11' title = '' ai-behavior = '1' nick = '' y = '6' x = '15' genus = '6' class = '' />
<entity name = 'gold12' title = '' ai-behavior = '1' nick = '' y = '5' x = '13' genus = '6' class = '' />
<entity name = 'player1.respawn' title = '' ai-behavior = '1' nick = 'Bomb Vending Machine' y = '3' x = '5' genus = '12' class = 'bomb-vending-machine' />
<entity name = 'player2.respawn' title = '' ai-behavior = '1' nick = 'Bomb Vending Machine' y = '3' x = '12' genus = '12' class = 'bomb-vending-machine' />
<entity name = 'player3.respawn' title = '' ai-behavior = '1' nick = 'Bomb Vending Machine' y = '7' x = '18' genus = '12' class = 'bomb-vending-machine' />
</entities>
<triggers>
<trigger prompt = '' name = 'controller' height = '1' width = '1' behavior = '1' y = '4' x = '11'>
	<touch />
	<hover />
	<exit />
</trigger>
</triggers>
<scripts />
