<params>
	<param key = 'layer' value = '1' />
	<param key = 'type' value = 'linear' />
	<param key = 'next-map' value = 'level20' />
</params>
<planes>
	<plane name = 'Untitled Plane' x = '0' y = '0' modal = '0'>
		<structure>
			0 0 0 0 0 0 0 0 0 0 0 0 219 154 216 0 0 0 0 0 0 0 0 0 0 218 152 216 0 0 0 0 0 0 0 0 0 0 0 0 
			0 0 0 0 0 0 0 0 211 0 0 218 0 154 0 218 0 0 0 0 0 0 0 0 217 0 153 0 218 0 211 211 0 0 0 0 0 0 0 0 
			0 0 0 0 0 0 0 154 190 199 154 0 0 152 0 0 0 0 211 211 0 0 0 211 0 0 154 0 0 153 111 198 153 0 0 0 0 0 0 0 
			0 0 0 0 0 211 0 153 0 0 153 0 211 154 0 0 198 152 190 110 182 180 152 195 0 0 153 0 211 154 0 0 152 0 0 0 0 0 0 0 
			0 0 0 152 195 110 196 186 152 0 191 184 181 110 153 0 0 154 0 0 0 0 152 0 0 152 198 198 183 197 0 154 191 198 195 196 154 0 0 0 
			0 0 0 153 0 0 0 0 153 0 162 177 0 216 154 218 0 153 0 0 0 211 152 0 219 153 218 0 169 175 0 153 0 0 0 0 154 0 0 0 
			0 0 0 153 0 0 0 0 153 0 172 0 217 0 154 0 219 152 194 184 111 185 154 216 0 154 0 216 0 174 0 152 0 0 0 0 154 0 0 0 
			0 0 211 153 0 0 211 211 154 211 0 0 0 0 153 0 0 154 0 0 0 0 154 0 0 153 0 0 0 0 0 153 211 211 0 211 152 0 0 0 
			193 152 180 196 192 189 185 110 154 207 180 186 0 0 153 0 219 153 216 0 0 219 154 218 0 153 0 0 189 207 182 154 111 183 110 187 189 195 154 194 
			0 153 0 0 0 0 0 0 152 190 177 0 0 0 152 216 0 153 0 216 216 0 154 0 216 152 0 0 0 197 168 152 0 0 0 0 0 0 153 0 
			0 152 0 0 0 0 0 0 152 164 0 0 0 152 196 0 0 192 0 0 0 0 189 0 0 197 152 0 0 0 176 154 0 0 0 0 0 0 152 0 
			0 153 0 188 207 199 183 0 153 0 0 0 218 153 218 0 0 154 0 0 0 0 153 0 0 219 154 216 0 0 0 152 0 196 180 207 185 0 152 0 
			0 153 0 0 186 172 0 0 152 0 0 216 0 152 0 217 0 0 0 0 0 0 0 0 216 0 153 0 217 0 0 154 0 0 172 185 0 0 153 0 
			0 154 0 211 211 0 0 0 152 211 211 0 211 153 216 217 218 216 216 216 217 218 219 219 219 216 153 211 211 0 0 154 211 0 0 0 211 211 154 0 
			180 195 196 110 111 187 194 180 188 193 190 110 184 198 0 0 0 0 0 0 0 0 0 0 0 0 181 180 110 111 183 192 183 181 194 197 110 182 183 198 
		</structure>
	</plane>
	<plane name = 'mask' x = '0' y = '0' modal = '1'>
		<structure>
			0 0 0 0 0 0 0 0 0 0 0 0 0 0 0 0 0 0 0 0 0 0 0 0 0 0 0 0 0 0 0 0 0 0 0 0 0 0 0 0 
			0 0 0 0 0 0 0 0 0 0 0 0 0 0 0 0 0 0 0 0 0 0 0 0 0 0 0 0 0 0 0 0 0 0 0 0 0 0 0 0 
			0 0 0 0 0 0 0 0 300 302 0 0 0 0 0 0 0 0 0 0 0 0 0 0 0 0 0 0 0 0 0 0 0 0 0 0 0 0 0 0 
			0 0 0 0 0 0 0 0 0 0 0 0 0 0 0 0 0 0 0 0 300 0 0 300 0 0 0 0 0 0 0 0 0 0 0 0 0 0 0 0 
			0 0 0 0 0 0 300 0 0 0 0 0 302 0 0 0 0 0 0 0 0 0 0 0 0 0 0 0 0 0 0 0 300 0 0 302 0 0 0 0 
			0 0 0 0 0 0 0 0 0 0 0 302 0 0 0 0 0 0 0 0 0 0 0 0 0 0 0 0 300 0 0 0 0 0 0 0 0 0 0 0 
			0 0 0 0 0 0 0 0 0 0 302 0 0 0 0 0 0 0 300 302 0 302 0 0 0 0 0 0 0 302 0 0 0 0 0 0 0 0 0 0 
			0 0 0 0 0 0 0 0 0 0 0 0 0 0 0 0 0 0 0 0 0 0 0 0 0 0 0 0 0 0 0 0 0 0 0 0 0 0 0 0 
			0 0 0 0 0 0 0 0 0 0 0 302 0 0 0 0 0 0 0 0 0 0 0 0 0 0 0 0 302 0 0 0 0 302 0 300 0 302 0 302 
			0 0 0 0 0 0 0 0 0 0 302 0 0 0 0 0 0 0 0 0 0 0 0 0 0 0 0 0 0 300 0 0 0 0 0 0 0 0 0 0 
			0 0 0 0 0 0 0 0 0 302 0 0 0 0 300 0 0 300 0 0 0 0 300 0 0 300 0 0 0 0 302 0 0 0 0 0 0 0 0 0 
			0 0 0 302 0 0 302 0 0 0 0 0 0 0 0 0 0 0 0 0 0 0 0 0 0 0 0 0 0 0 0 0 0 0 0 0 300 0 0 0 
			0 0 0 0 300 302 0 0 0 0 0 0 0 0 0 0 0 0 0 0 0 0 0 0 0 0 0 0 0 0 0 0 0 0 0 0 0 0 0 0 
			0 0 0 0 0 0 0 0 0 0 0 0 0 0 0 0 0 0 0 0 0 0 0 0 0 0 0 0 0 0 0 0 0 0 0 0 0 0 0 0 
			300 0 0 0 0 0 0 0 0 0 302 0 0 302 0 0 0 0 0 0 0 0 0 0 0 0 0 0 0 0 300 0 0 0 0 0 0 300 0 302 
		</structure>
	</plane>
</planes>
<entities>
<entity name = '' title = '' ai-behavior = '1' nick = '' y = '3' x = '5' genus = '1' class = '' />
<entity name = '' title = '' ai-behavior = '1' nick = '' y = '2' x = '20' genus = '1' class = '' />
<entity name = '' title = '' ai-behavior = '1' nick = '' y = '13' x = '34' genus = '1' class = '' />
<entity name = '' title = '' ai-behavior = '1' nick = '' y = '3' x = '35' genus = '1' class = '' />
<entity name = '' title = '' ai-behavior = '1' nick = '' y = '3' x = '27' genus = '1' class = '' />
<entity name = 'player1' title = '' ai-behavior = '1' nick = 'Bomb Vending Machine' y = '13' x = '3' genus = '2' class = 'bomb-vending-machine' />
<entity name = 'player2' title = '' ai-behavior = '1' nick = 'Bomb Vending Machine' y = '13' x = '10' genus = '2' class = 'bomb-vending-machine' />
<entity name = 'player3' title = '' ai-behavior = '1' nick = 'Bomb Vending Machine' y = '7' x = '11' genus = '2' class = 'bomb-vending-machine' />
<entity name = '' title = '' ai-behavior = '1' nick = '' y = '0' x = '36' genus = '5' class = '' />
<entity name = '' title = '' ai-behavior = '1' nick = '' y = '0' x = '34' genus = '5' class = '' />
<entity name = '' title = '' ai-behavior = '1' nick = '' y = '0' x = '38' genus = '5' class = '' />
<entity name = '' title = '' ai-behavior = '1' nick = '' y = '0' x = '5' genus = '5' class = '' />
<entity name = '' title = '' ai-behavior = '1' nick = '' y = '0' x = '3' genus = '5' class = '' />
<entity name = '' title = '' ai-behavior = '1' nick = '' y = '0' x = '1' genus = '5' class = '' />
<entity name = '' title = '' ai-behavior = '1' nick = '' y = '0' x = '18' genus = '5' class = '' />
<entity name = '' title = '' ai-behavior = '1' nick = '' y = '0' x = '21' genus = '5' class = '' />
<entity name = 'gold1' title = '' ai-behavior = '1' nick = '' y = '10' x = '4' genus = '6' class = '' />
<entity name = 'gold2' title = '' ai-behavior = '1' nick = '' y = '9' x = '6' genus = '6' class = '' />
<entity name = 'gold3' title = '' ai-behavior = '1' nick = '' y = '13' x = '7' genus = '6' class = '' />
<entity name = 'gold4' title = '' ai-behavior = '1' nick = '' y = '12' x = '11' genus = '6' class = '' />
<entity name = 'gold5' title = '' ai-behavior = '1' nick = '' y = '5' x = '15' genus = '6' class = '' />
<entity name = 'gold6' title = '' ai-behavior = '1' nick = '' y = '4' x = '20' genus = '6' class = '' />
<entity name = 'gold7' title = '' ai-behavior = '1' nick = '' y = '2' x = '19' genus = '6' class = '' />
<entity name = 'gold8' title = '' ai-behavior = '1' nick = '' y = '1' x = '23' genus = '6' class = '' />
<entity name = 'gold9' title = '' ai-behavior = '1' nick = '' y = '0' x = '14' genus = '6' class = '' />
<entity name = 'gold10' title = '' ai-behavior = '1' nick = '' y = '1' x = '8' genus = '6' class = '' />
<entity name = 'gold11' title = '' ai-behavior = '1' nick = '' y = '7' x = '9' genus = '6' class = '' />
<entity name = 'gold12' title = '' ai-behavior = '1' nick = '' y = '6' x = '7' genus = '6' class = '' />
<entity name = 'gold13' title = '' ai-behavior = '1' nick = '' y = '7' x = '2' genus = '6' class = '' />
<entity name = 'gold14' title = '' ai-behavior = '1' nick = '' y = '13' x = '17' genus = '6' class = '' />
<entity name = 'gold16' title = '' ai-behavior = '1' nick = '' y = '8' x = '18' genus = '6' class = '' />
<entity name = 'gold17' title = '' ai-behavior = '1' nick = '' y = '10' x = '21' genus = '6' class = '' />
<entity name = 'gold18' title = '' ai-behavior = '1' nick = '' y = '12' x = '20' genus = '6' class = '' />
<entity name = 'gold15' title = '' ai-behavior = '1' nick = '' y = '8' x = '24' genus = '6' class = '' />
<entity name = 'gold19' title = '' ai-behavior = '1' nick = '' y = '6' x = '28' genus = '6' class = '' />
<entity name = 'gold20' title = '' ai-behavior = '1' nick = '' y = '7' x = '34' genus = '6' class = '' />
<entity name = 'gold21' title = '' ai-behavior = '1' nick = '' y = '10' x = '33' genus = '6' class = '' />
<entity name = 'gold22' title = '' ai-behavior = '1' nick = '' y = '12' x = '36' genus = '6' class = '' />
<entity name = 'gold23' title = '' ai-behavior = '1' nick = '' y = '13' x = '30' genus = '6' class = '' />
<entity name = 'gold24' title = '' ai-behavior = '1' nick = '' y = '5' x = '37' genus = '6' class = '' />
<entity name = 'gold25' title = '' ai-behavior = '1' nick = '' y = '3' x = '33' genus = '6' class = '' />
<entity name = 'gold26' title = '' ai-behavior = '1' nick = '' y = '1' x = '31' genus = '6' class = '' />
<entity name = 'player1.respawn' title = '' ai-behavior = '1' nick = 'Bomb Vending Machine' y = '10' x = '16' genus = '12' class = 'bomb-vending-machine' />
<entity name = 'player2.respawn' title = '' ai-behavior = '1' nick = 'Bomb Vending Machine' y = '10' x = '23' genus = '12' class = 'bomb-vending-machine' />
<entity name = 'player3.respawn' title = '' ai-behavior = '1' nick = 'Bomb Vending Machine' y = '11' x = '20' genus = '12' class = 'bomb-vending-machine' />
</entities>
<triggers>
<trigger prompt = '' name = 'controller' height = '1' width = '1' behavior = '1' y = '13' x = '3'>
	<touch />
	<hover />
	<exit />
</trigger>
</triggers>
<scripts />
