<params>
	<param key = 'layer' value = '1' />
	<param key = 'type' value = 'linear' />
	<param key = 'next-map' value = 'level13' />
</params>
<planes>
	<plane name = 'Untitled Plane' x = '0' y = '0' modal = '0'>
		<structure>
			0 0 0 0 0 0 0 0 0 0 0 0 0 0 0 0 0 0 0 0 
			0 0 0 0 0 0 0 0 0 211 211 0 0 0 0 0 0 0 0 0 
			0 0 0 0 0 0 0 0 153 183 110 111 186 154 211 0 0 0 0 0 
			0 0 0 0 0 0 0 0 154 0 0 161 176 191 190 152 0 0 0 0 
			0 0 0 211 152 191 181 189 152 192 153 0 0 160 164 191 207 153 0 0 
			0 211 152 196 207 168 168 0 153 0 153 0 0 0 0 177 188 197 199 154 
			154 193 191 174 196 0 0 0 154 0 154 0 0 0 0 0 0 0 0 152 
			152 0 0 211 211 0 0 211 154 0 152 211 211 0 0 0 0 0 0 152 
			192 152 197 111 181 195 194 110 152 198 190 198 182 195 154 183 197 152 0 152 
			178 154 0 0 0 0 0 0 152 211 0 217 219 218 152 0 211 152 0 152 
			165 152 211 0 0 154 207 197 189 192 185 0 0 0 153 194 186 196 198 190 
			168 154 187 191 198 183 197 0 0 0 0 0 0 0 154 0 0 0 0 0 
			170 152 160 0 0 0 0 0 0 0 0 0 0 0 154 0 0 0 0 0 
			176 152 0 211 211 0 0 0 211 0 211 211 0 0 153 211 0 0 211 0 
			163 188 199 189 110 111 197 189 184 110 190 197 196 110 111 187 193 188 111 190 
		</structure>
	</plane>
	<plane name = 'mask' x = '0' y = '0' modal = '1'>
		<structure>
			0 0 0 0 0 0 0 0 0 0 0 0 0 0 0 0 0 0 0 0 
			0 0 0 0 0 0 0 0 0 0 0 0 0 0 0 0 0 0 0 0 
			0 0 0 0 0 0 0 0 0 300 0 0 0 0 0 0 0 0 0 0 
			0 0 0 0 0 0 0 0 0 0 0 300 0 0 0 0 0 0 0 0 
			0 0 0 0 0 0 0 302 0 302 0 0 0 300 0 0 0 0 0 0 
			0 0 0 0 0 0 302 0 0 0 0 0 0 0 0 0 0 0 302 0 
			0 300 0 0 302 0 0 0 0 0 0 0 0 0 0 0 0 0 0 0 
			0 0 0 0 0 0 0 0 0 0 0 0 0 0 0 0 0 0 0 0 
			0 0 0 0 300 0 302 0 0 300 0 0 0 302 0 0 302 0 0 0 
			0 0 0 0 0 0 0 0 0 0 0 0 0 0 0 0 0 0 0 0 
			0 0 0 0 0 0 0 0 0 0 0 0 0 0 0 0 0 0 0 302 
			0 0 0 0 0 0 302 0 0 0 0 0 0 0 0 0 0 0 0 0 
			0 0 0 0 0 0 0 0 0 0 0 0 0 0 0 0 0 0 0 0 
			0 0 0 0 0 0 0 0 0 0 0 0 0 0 0 0 0 0 0 0 
			300 0 0 302 0 0 300 0 302 0 0 0 302 0 0 0 0 0 0 0 
		</structure>
	</plane>
</planes>
<entities>
<entity name = 'player1' title = '' ai-behavior = '1' nick = 'Bomb Vending Machine' y = '13' x = '5' genus = '2' class = 'bomb-vending-machine' />
<entity name = 'player2' title = '' ai-behavior = '1' nick = 'Bomb Vending Machine' y = '13' x = '10' genus = '2' class = 'bomb-vending-machine' />
<entity name = 'player3' title = '' ai-behavior = '1' nick = 'Bomb Vending Machine' y = '13' x = '16' genus = '2' class = 'bomb-vending-machine' />
<entity name = 'gold1' title = '' ai-behavior = '1' nick = '' y = '6' x = '16' genus = '6' class = '' />
<entity name = 'gold2' title = '' ai-behavior = '1' nick = '' y = '12' x = '6' genus = '6' class = '' />
<entity name = 'gold3' title = '' ai-behavior = '1' nick = '' y = '13' x = '2' genus = '6' class = '' />
<entity name = 'gold4' title = '' ai-behavior = '1' nick = '' y = '13' x = '11' genus = '6' class = '' />
<entity name = 'gold5' title = '' ai-behavior = '1' nick = '' y = '10' x = '12' genus = '6' class = '' />
<entity name = 'gold6' title = '' ai-behavior = '1' nick = '' y = '12' x = '18' genus = '6' class = '' />
<entity name = 'gold7' title = '' ai-behavior = '1' nick = '' y = '7' x = '9' genus = '6' class = '' />
<entity name = 'gold8' title = '' ai-behavior = '1' nick = '' y = '6' x = '5' genus = '6' class = '' />
<entity name = 'gold9' title = '' ai-behavior = '1' nick = '' y = '5' x = '1' genus = '6' class = '' />
<entity name = 'gold10' title = '' ai-behavior = '1' nick = '' y = '3' x = '7' genus = '6' class = '' />
<entity name = 'gold11' title = '' ai-behavior = '1' nick = '' y = '1' x = '10' genus = '6' class = '' />
<entity name = 'gold12' title = '' ai-behavior = '1' nick = '' y = '4' x = '18' genus = '6' class = '' />
<entity name = 'gold13' title = '' ai-behavior = '1' nick = '' y = '11' x = '9' genus = '6' class = '' />
<entity name = 'player1.respawn' title = '' ai-behavior = '1' nick = 'Bomb Vending Machine' y = '4' x = '12' genus = '12' class = 'bomb-vending-machine' />
<entity name = 'player2.respawn' title = '' ai-behavior = '1' nick = 'Bomb Vending Machine' y = '5' x = '14' genus = '12' class = 'bomb-vending-machine' />
<entity name = 'player3.respawn' title = '' ai-behavior = '1' nick = 'Bomb Vending Machine' y = '6' x = '6' genus = '12' class = 'bomb-vending-machine' />
</entities>
<triggers>
<trigger prompt = '' name = 'controller' height = '1' width = '1' behavior = '1' y = '13' x = '5'>
	<touch />
	<hover />
	<exit />
</trigger>
</triggers>
<scripts />
