<params>
	<param key = 'layer' value = '1' />
	<param key = 'type' value = 'linear' />
	<param key = 'next-map' value = 'level12' />
</params>
<planes>
	<plane name = 'Untitled Plane' x = '0' y = '0' modal = '0'>
		<structure>
			0 0 0 0 0 0 0 0 0 0 0 0 0 0 0 0 0 0 0 0 
			0 0 0 211 211 0 0 218 219 0 0 0 211 211 211 0 218 216 0 0 
			0 153 186 190 110 182 196 0 0 187 199 152 111 184 195 180 0 0 183 196 
			0 152 171 0 0 0 0 0 0 0 0 154 0 0 0 0 0 0 0 178 
			0 153 177 0 0 0 0 211 211 0 211 154 211 211 0 0 0 0 0 167 
			0 154 172 0 154 180 152 184 194 186 180 183 191 110 188 191 183 153 219 171 
			0 152 0 0 154 166 153 0 0 0 0 177 0 0 0 0 160 152 0 163 
			0 152 211 0 153 164 153 0 0 0 0 174 0 199 154 0 167 154 0 162 
			0 153 196 154 0 169 185 110 152 187 180 170 180 160 153 0 163 153 0 165 
			0 152 165 152 0 0 0 0 0 0 0 0 0 0 152 0 0 154 217 166 
			0 152 176 153 0 0 216 218 0 211 211 0 0 0 152 211 0 152 0 162 
			0 154 163 184 189 197 0 0 182 190 110 186 187 154 193 194 189 152 0 161 
			0 154 0 0 0 0 0 0 0 0 0 0 0 152 0 0 0 152 0 161 
			0 153 0 211 0 211 211 0 211 211 0 0 211 154 0 0 211 152 211 175 
			197 193 182 110 191 110 111 182 191 110 199 111 187 110 111 199 194 180 110 163 
		</structure>
	</plane>
	<plane name = 'mask' x = '0' y = '0' modal = '1'>
		<structure>
			0 0 0 0 0 0 0 0 0 0 0 0 0 0 0 0 0 0 0 0 
			0 0 0 0 0 0 0 0 0 0 0 0 0 0 0 0 0 0 0 0 
			0 0 0 302 0 300 302 0 0 0 302 0 0 0 0 302 0 0 300 0 
			0 0 0 0 0 0 0 0 0 0 0 0 0 0 0 0 0 0 0 0 
			0 0 0 0 0 0 0 0 0 0 0 0 0 0 0 0 0 0 0 0 
			0 0 0 0 0 0 0 0 0 0 0 0 0 0 0 0 0 0 0 0 
			0 0 0 0 0 0 0 0 0 0 0 0 0 0 0 0 0 0 0 0 
			0 0 0 0 0 0 0 0 0 0 0 0 0 0 0 0 0 0 0 0 
			0 0 0 0 0 300 302 0 0 0 0 0 0 302 0 0 302 0 0 0 
			0 0 0 0 0 0 0 0 0 0 0 0 0 0 0 0 0 0 0 0 
			0 0 0 0 0 0 0 0 0 0 0 0 0 0 0 0 0 0 0 0 
			0 0 300 0 0 302 0 0 300 302 0 300 302 0 0 0 302 0 0 0 
			0 0 0 0 0 0 0 0 0 0 0 0 0 0 0 0 0 0 0 0 
			0 0 0 0 0 0 0 0 0 0 0 0 0 0 0 0 0 0 0 0 
			300 0 0 0 0 0 0 300 0 0 302 0 0 0 0 300 0 302 0 300 
		</structure>
	</plane>
</planes>
<entities>
<entity name = '' title = '' ai-behavior = '1' nick = '' y = '13' x = '16' genus = '1' class = '' />
<entity name = '' title = '' ai-behavior = '1' nick = '' y = '13' x = '8' genus = '1' class = '' />
<entity name = '' title = '' ai-behavior = '1' nick = '' y = '13' x = '3' genus = '1' class = '' />
<entity name = 'player1' title = '' ai-behavior = '1' nick = 'Bomb Vending Machine' y = '4' x = '5' genus = '2' class = 'bomb-vending-machine' />
<entity name = 'player2' title = '' ai-behavior = '1' nick = 'Bomb Vending Machine' y = '4' x = '9' genus = '2' class = 'bomb-vending-machine' />
<entity name = 'player3' title = '' ai-behavior = '1' nick = 'Bomb Vending Machine' y = '4' x = '15' genus = '2' class = 'bomb-vending-machine' />
<entity name = '' title = '' ai-behavior = '1' nick = '' y = '0' x = '2' genus = '5' class = '' />
<entity name = '' title = '' ai-behavior = '1' nick = '' y = '0' x = '5' genus = '5' class = '' />
<entity name = '' title = '' ai-behavior = '1' nick = '' y = '0' x = '11' genus = '5' class = '' />
<entity name = '' title = '' ai-behavior = '1' nick = '' y = '0' x = '14' genus = '5' class = '' />
<entity name = '' title = '' ai-behavior = '1' nick = '' y = '0' x = '9' genus = '5' class = '' />
<entity name = 'gold1' title = '' ai-behavior = '1' nick = '' y = '13' x = '4' genus = '6' class = '' />
<entity name = 'gold2' title = '' ai-behavior = '1' nick = '' y = '12' x = '8' genus = '6' class = '' />
<entity name = 'gold3' title = '' ai-behavior = '1' nick = '' y = '13' x = '12' genus = '6' class = '' />
<entity name = 'gold4' title = '' ai-behavior = '1' nick = '' y = '10' x = '15' genus = '6' class = '' />
<entity name = 'gold5' title = '' ai-behavior = '1' nick = '' y = '7' x = '12' genus = '6' class = '' />
<entity name = 'gold6' title = '' ai-behavior = '1' nick = '' y = '6' x = '9' genus = '6' class = '' />
<entity name = 'gold8' title = '' ai-behavior = '1' nick = '' y = '7' x = '2' genus = '6' class = '' />
<entity name = 'gold9' title = '' ai-behavior = '1' nick = '' y = '10' x = '0' genus = '6' class = '' />
<entity name = 'gold10' title = '' ai-behavior = '1' nick = '' y = '3' x = '0' genus = '6' class = '' />
<entity name = 'gold11' title = '' ai-behavior = '1' nick = '' y = '1' x = '5' genus = '6' class = '' />
<entity name = 'gold13' title = '' ai-behavior = '1' nick = '' y = '3' x = '14' genus = '6' class = '' />
<entity name = 'gold12' title = '' ai-behavior = '1' nick = '' y = '2' x = '8' genus = '6' class = '' />
<entity name = 'gold7' title = '' ai-behavior = '1' nick = '' y = '8' x = '18' genus = '6' class = '' />
<entity name = 'player1.respawn' title = '' ai-behavior = '1' nick = 'Bomb Vending Machine' y = '12' x = '5' genus = '12' class = 'bomb-vending-machine' />
<entity name = 'player2.respawn' title = '' ai-behavior = '1' nick = 'Bomb Vending Machine' y = '12' x = '15' genus = '12' class = 'bomb-vending-machine' />
<entity name = 'player3.respawn' title = '' ai-behavior = '1' nick = 'Bomb Vending Machine' y = '3' x = '15' genus = '12' class = 'bomb-vending-machine' />
</entities>
<triggers>
<trigger prompt = '' name = 'controller' height = '1' width = '1' behavior = '1' y = '4' x = '5'>
	<touch />
	<hover />
	<exit />
</trigger>
</triggers>
<scripts />
