<session>
	<variable default = '0' key = 'achievements.the-collector.counter' value = '0' />
	<variable default = '0' key = 'algebra.x' value = '0' />
	<variable default = '0' key = 'algebra.y' value = '0' />
	<variable default = '0' key = 'algebra.z' value = '0' />
	<variable default = 'x' key = 'app.active-map-name' value = 'level20.bg' />
	<variable default = '' key = 'app.load-from-folder' value = '' />
	<variable default = '8' key = 'app.max-enemy-count' value = '8' />
	<variable default = 'active' key = 'app.quests.active' value = 'active' />
	<variable default = 'complete' key = 'app.quests.complete' value = 'complete' />
	<variable default = 'inactive' key = 'app.quests.inactive' value = 'inactive' />
	<variable default = '0' key = 'app.rebuild-response-menu' value = '0' />
	<variable default = '' key = 'app.transition.from.map' value = '' />
	<variable default = '' key = 'app.transition.from.player-x' value = '' />
	<variable default = '' key = 'app.transition.from.player-y' value = '' />
	<variable default = '' key = 'app.transition.from.waypoint' value = '' />
	<variable default = '' key = 'app.transition.to.map' value = '' />
	<variable default = '' key = 'app.transition.to.waypoint' value = '' />
	<variable default = '0' key = 'core.bombs.count' value = '0' />
	<variable default = '0' key = 'core.challenge.wave' value = '0' />
	<variable default = '1' key = 'core.chapter' value = '1' />
	<variable default = '' key = 'core.constants.death-by-bomb' value = '' />
	<variable default = '' key = 'core.constants.death-by-deadly-tile' value = '' />
	<variable default = '' key = 'core.constants.death-by-enemy' value = '' />
	<variable default = '' key = 'core.constants.death-by-out-of-bounds' value = '' />
	<variable default = '' key = 'core.constants.death-by-planar-shift' value = '' />
	<variable default = '' key = 'core.constants.death-by-tile-fill' value = '' />
	<variable default = '' key = 'core.constants.death-by-vaporization' value = '' />
	<variable default = '' key = 'core.dialogue-response' value = '' />
	<variable default = '0' key = 'core.generated-splash' value = '0' />
	<variable default = '0' key = 'core.gold.found' value = '0' />
	<variable default = '0' key = 'core.gold.wallet' value = '0' />
	<variable default = '0' key = 'core.gold.wallet:visible' value = '0' />
	<variable default = '0' key = 'core.handled-local-death' value = '0' />
	<variable default = '0' key = 'core.is-dummy-session' value = '0' />
	<variable default = '0' key = 'core.is-gif' value = '0' />
	<variable default = '' key = 'core.keyboard.value' value = '' />
	<variable default = '' key = 'core.last-safe-zone.map' value = '' />
	<variable default = '' key = 'core.last-safe-zone.title' value = '' />
	<variable default = 'no' key = 'core.login-succeeded' value = 'no' />
	<variable default = 'no' key = 'core.minimap.can-travel' value = 'no' />
	<variable default = 'Overworld' key = 'core.overworld-title' value = 'Overworld' />
	<variable default = '1' key = 'core.player-id' value = '1' />
	<variable default = 'no' key = 'core.player.entered-name' value = 'no' />
	<variable default = '' key = 'core.player1.cause-of-death' value = '' />
	<variable default = '2' key = 'core.player1.inventory-size' value = '2' />
	<variable default = '1' key = 'core.player1.level' value = '1' />
	<variable default = 'mike' key = 'core.player1.name' value = 'mike' />
	<variable default = '0' key = 'core.player1.skill-points' value = '0' />
	<variable default = '' key = 'core.player1.skill1' value = '' />
	<variable default = '0' key = 'core.player1.skill1:changed' value = '0' />
	<variable default = '' key = 'core.player1.skill2' value = '' />
	<variable default = '0' key = 'core.player1.skill2:changed' value = '0' />
	<variable default = '0' key = 'core.player1.x' value = '0' />
	<variable default = '0' key = 'core.player1.xp' value = '0' />
	<variable default = '0' key = 'core.player1.y' value = '0' />
	<variable default = '1' key = 'core.puzzle-room-virgin' value = '1' />
	<variable default = '0' key = 'core.received-player-id' value = '0' />
	<variable default = '0' key = 'core.skills.earth-mover' value = '0' />
	<variable default = '0' key = 'core.skills.earth-mover:lastused' value = '0' />
	<variable default = '0' key = 'core.skills.earth-mover:locked' value = '0' />
	<variable default = '0' key = 'core.skills.earth-mover:recharge-potential' value = '0' />
	<variable default = '0' key = 'core.skills.earth-mover:recharge-remaining' value = '0' />
	<variable default = '0' key = 'core.skills.earth-mover:timer' value = '0' />
	<variable default = '0' key = 'core.skills.earth-mover:timer-drain' value = '0' />
	<variable default = '0' key = 'core.skills.earth-mover:timer-drain-while-motionless' value = '0' />
	<variable default = '0' key = 'core.skills.earth-mover:timer-max' value = '0' />
	<variable default = '0' key = 'core.skills.fright' value = '0' />
	<variable default = '0' key = 'core.skills.fright:lastused' value = '0' />
	<variable default = '0' key = 'core.skills.fright:locked' value = '0' />
	<variable default = '0' key = 'core.skills.fright:recharge-potential' value = '0' />
	<variable default = '0' key = 'core.skills.fright:recharge-remaining' value = '0' />
	<variable default = '0' key = 'core.skills.fright:timer' value = '0' />
	<variable default = '0' key = 'core.skills.fright:timer-drain' value = '0' />
	<variable default = '0' key = 'core.skills.fright:timer-drain-while-motionless' value = '0' />
	<variable default = '0' key = 'core.skills.fright:timer-max' value = '0' />
	<variable default = '0' key = 'core.skills.hacking' value = '0' />
	<variable default = '0' key = 'core.skills.hacking:lastused' value = '0' />
	<variable default = '0' key = 'core.skills.hacking:locked' value = '0' />
	<variable default = '0' key = 'core.skills.hacking:recharge-potential' value = '0' />
	<variable default = '0' key = 'core.skills.hacking:recharge-remaining' value = '0' />
	<variable default = '0' key = 'core.skills.hacking:timer' value = '0' />
	<variable default = '0' key = 'core.skills.hacking:timer-drain' value = '0' />
	<variable default = '0' key = 'core.skills.hacking:timer-drain-while-motionless' value = '0' />
	<variable default = '0' key = 'core.skills.hacking:timer-max' value = '0' />
	<variable default = '0' key = 'core.skills.hologram' value = '0' />
	<variable default = '0' key = 'core.skills.hologram:lastused' value = '0' />
	<variable default = '0' key = 'core.skills.hologram:locked' value = '0' />
	<variable default = '0' key = 'core.skills.hologram:recharge-potential' value = '0' />
	<variable default = '0' key = 'core.skills.hologram:recharge-remaining' value = '0' />
	<variable default = '0' key = 'core.skills.hologram:timer' value = '0' />
	<variable default = '0' key = 'core.skills.hologram:timer-drain' value = '0' />
	<variable default = '0' key = 'core.skills.hologram:timer-drain-while-motionless' value = '0' />
	<variable default = '0' key = 'core.skills.hologram:timer-max' value = '0' />
	<variable default = '0' key = 'core.skills.invisibility' value = '0' />
	<variable default = '0' key = 'core.skills.invisibility:lastused' value = '0' />
	<variable default = '0' key = 'core.skills.invisibility:locked' value = '0' />
	<variable default = '' key = 'core.skills.invisibility:power-drain' value = '' />
	<variable default = '' key = 'core.skills.invisibility:power-drain-while-motionless' value = '' />
	<variable default = '0' key = 'core.skills.invisibility:recharge-potential' value = '0' />
	<variable default = '0' key = 'core.skills.invisibility:recharge-remaining' value = '0' />
	<variable default = '0' key = 'core.skills.invisibility:timer' value = '0' />
	<variable default = '0' key = 'core.skills.invisibility:timer-drain' value = '0' />
	<variable default = '0' key = 'core.skills.invisibility:timer-drain-while-motionless' value = '0' />
	<variable default = '0' key = 'core.skills.invisibility:timer-max' value = '0' />
	<variable default = '0' key = 'core.skills.jackhammer' value = '0' />
	<variable default = '0' key = 'core.skills.jackhammer:lastused' value = '0' />
	<variable default = '0' key = 'core.skills.jackhammer:locked' value = '0' />
	<variable default = '0' key = 'core.skills.jackhammer:recharge-potential' value = '0' />
	<variable default = '0' key = 'core.skills.jackhammer:recharge-remaining' value = '0' />
	<variable default = '0' key = 'core.skills.jackhammer:timer' value = '0' />
	<variable default = '0' key = 'core.skills.jackhammer:timer-drain' value = '0' />
	<variable default = '0' key = 'core.skills.jackhammer:timer-drain-while-motionless' value = '0' />
	<variable default = '0' key = 'core.skills.jackhammer:timer-max' value = '0' />
	<variable default = '0' key = 'core.skills.matrix' value = '0' />
	<variable default = '0' key = 'core.skills.matrix:lastused' value = '0' />
	<variable default = '0' key = 'core.skills.matrix:locked' value = '0' />
	<variable default = '0' key = 'core.skills.matrix:recharge-potential' value = '0' />
	<variable default = '0' key = 'core.skills.matrix:recharge-remaining' value = '0' />
	<variable default = '0' key = 'core.skills.matrix:timer' value = '0' />
	<variable default = '0' key = 'core.skills.matrix:timer-drain' value = '0' />
	<variable default = '0' key = 'core.skills.matrix:timer-drain-while-motionless' value = '0' />
	<variable default = '0' key = 'core.skills.matrix:timer-max' value = '0' />
	<variable default = '0' key = 'core.skills.mega-bomb' value = '0' />
	<variable default = '0' key = 'core.skills.mega-bomb:lastused' value = '0' />
	<variable default = '0' key = 'core.skills.mega-bomb:locked' value = '0' />
	<variable default = '0' key = 'core.skills.mega-bomb:recharge-potential' value = '0' />
	<variable default = '0' key = 'core.skills.mega-bomb:recharge-remaining' value = '0' />
	<variable default = '0' key = 'core.skills.mega-bomb:timer' value = '0' />
	<variable default = '0' key = 'core.skills.mega-bomb:timer-drain' value = '0' />
	<variable default = '0' key = 'core.skills.mega-bomb:timer-drain-while-motionless' value = '0' />
	<variable default = '0' key = 'core.skills.mega-bomb:timer-max' value = '0' />
	<variable default = '0' key = 'core.skills.personal-shield' value = '0' />
	<variable default = '0' key = 'core.skills.personal-shield:lastused' value = '0' />
	<variable default = '0' key = 'core.skills.personal-shield:locked' value = '0' />
	<variable default = '0' key = 'core.skills.personal-shield:recharge-potential' value = '0' />
	<variable default = '0' key = 'core.skills.personal-shield:recharge-remaining' value = '0' />
	<variable default = '0' key = 'core.skills.personal-shield:timer' value = '0' />
	<variable default = '0' key = 'core.skills.personal-shield:timer-drain' value = '0' />
	<variable default = '0' key = 'core.skills.personal-shield:timer-drain-while-motionless' value = '0' />
	<variable default = '0' key = 'core.skills.personal-shield:timer-max' value = '0' />
	<variable default = '0' key = 'core.skills.persuasion' value = '0' />
	<variable default = '0' key = 'core.skills.persuasion:lastused' value = '0' />
	<variable default = '0' key = 'core.skills.persuasion:locked' value = '0' />
	<variable default = '0' key = 'core.skills.persuasion:recharge-potential' value = '0' />
	<variable default = '0' key = 'core.skills.persuasion:recharge-remaining' value = '0' />
	<variable default = '0' key = 'core.skills.persuasion:timer' value = '0' />
	<variable default = '0' key = 'core.skills.persuasion:timer-drain' value = '0' />
	<variable default = '0' key = 'core.skills.persuasion:timer-drain-while-motionless' value = '0' />
	<variable default = '0' key = 'core.skills.persuasion:timer-max' value = '0' />
	<variable default = '0' key = 'core.skills.pickpocket' value = '0' />
	<variable default = '0' key = 'core.skills.pickpocket:lastused' value = '0' />
	<variable default = '0' key = 'core.skills.pickpocket:locked' value = '0' />
	<variable default = '0' key = 'core.skills.pickpocket:recharge-potential' value = '0' />
	<variable default = '0' key = 'core.skills.pickpocket:recharge-remaining' value = '0' />
	<variable default = '0' key = 'core.skills.pickpocket:timer' value = '0' />
	<variable default = '0' key = 'core.skills.pickpocket:timer-drain' value = '0' />
	<variable default = '0' key = 'core.skills.pickpocket:timer-drain-while-motionless' value = '0' />
	<variable default = '0' key = 'core.skills.pickpocket:timer-max' value = '0' />
	<variable default = '0' key = 'core.skills.remote-bomb' value = '0' />
	<variable default = '0' key = 'core.skills.remote-bomb:bombs-remaining' value = '0' />
	<variable default = '0' key = 'core.skills.remote-bomb:lastused' value = '0' />
	<variable default = '0' key = 'core.skills.remote-bomb:locked' value = '0' />
	<variable default = '0' key = 'core.skills.remote-bomb:recharge-potential' value = '0' />
	<variable default = '0' key = 'core.skills.remote-bomb:recharge-remaining' value = '0' />
	<variable default = '0' key = 'core.skills.remote-bomb:timer' value = '0' />
	<variable default = '0' key = 'core.skills.remote-bomb:timer-drain' value = '0' />
	<variable default = '0' key = 'core.skills.remote-bomb:timer-drain-while-motionless' value = '0' />
	<variable default = '0' key = 'core.skills.remote-bomb:timer-max' value = '0' />
	<variable default = '0' key = 'core.skills.sprint' value = '0' />
	<variable default = '0' key = 'core.skills.sprint:lastused' value = '0' />
	<variable default = '0' key = 'core.skills.sprint:locked' value = '0' />
	<variable default = '0' key = 'core.skills.sprint:recharge-potential' value = '0' />
	<variable default = '0' key = 'core.skills.sprint:recharge-remaining' value = '0' />
	<variable default = '0' key = 'core.skills.sprint:timer' value = '0' />
	<variable default = '0' key = 'core.skills.sprint:timer-drain' value = '0' />
	<variable default = '0' key = 'core.skills.sprint:timer-drain-while-motionless' value = '0' />
	<variable default = '0' key = 'core.skills.sprint:timer-max' value = '0' />
	<variable default = '0' key = 'core.skills.wall' value = '0' />
	<variable default = '0' key = 'core.skills.wall:lastused' value = '0' />
	<variable default = '0' key = 'core.skills.wall:locked' value = '0' />
	<variable default = '0' key = 'core.skills.wall:recharge-potential' value = '0' />
	<variable default = '0' key = 'core.skills.wall:recharge-remaining' value = '0' />
	<variable default = '0' key = 'core.skills.wall:timer' value = '0' />
	<variable default = '0' key = 'core.skills.wall:timer-drain' value = '0' />
	<variable default = '0' key = 'core.skills.wall:timer-drain-while-motionless' value = '0' />
	<variable default = '0' key = 'core.skills.wall:timer-max' value = '0' />
	<variable default = '0' key = 'core.time' value = '1402606014' />
	<variable default = '0' key = 'core.time.played' value = '0' />
	<variable default = 'gold' key = 'core.worldmap.view' value = 'gold' />
	<variable default = '1.0' key = 'core.worldmap.zoom' value = '1.0' />
	<variable default = '0' key = 'core.x' value = '0' />
	<variable default = '' key = 'core.xp-bar.message' value = '' />
	<variable default = '0.0' key = 'core.xp-bar.percent-new' value = '0.0' />
	<variable default = '0.0' key = 'core.xp-bar.percent-old' value = '0.0' />
	<variable default = '0' key = 'core.xp-bar.timer' value = '0' />
	<variable default = '0' key = 'core.xp-bar.timer-max' value = '0' />
	<variable default = '0' key = 'core.xp-bar.total-earned' value = '0' />
	<variable default = '125' key = 'core.xp.bonus.completionist' value = '125' />
	<variable default = '25' key = 'core.xp.bonus.no-bombs' value = '25' />
	<variable default = '50' key = 'core.xp.bonus.pacifist' value = '50' />
	<variable default = '0' key = 'core.y' value = '0' />
	<variable default = '0' key = 'core.z' value = '0' />
	<variable default = '0' key = 'net.already-voted-to-skip' value = '0' />
	<variable default = '0' key = 'net.countdown-in-progress' value = '0' />
	<variable default = '0' key = 'net.game-in-progress' value = '0' />
	<variable default = '0' key = 'net.level.complete' value = '0' />
	<variable default = '0' key = 'net.level.failed' value = '0' />
	<variable default = '0' key = 'net.online' value = '0' />
	<variable default = '' key = 'net.password' value = '' />
	<variable default = '4' key = 'net.player-limit' value = '4' />
	<variable default = 'primary=225,25,25;secondary=225,225,225' key = 'net.player1.avatar.colors' value = 'primary=225,25,25;secondary=225,225,225' />
	<variable default = '1' key = 'net.player1.joined' value = '1' />
	<variable default = 'mike' key = 'net.player1.nick' value = 'mike' />
	<variable default = '0' key = 'net.player1.ready' value = '0' />
	<variable default = '0' key = 'net.player1.received-nick' value = '0' />
	<variable default = 'primary=25,225,25;secondary=225,225,225' key = 'net.player2.avatar.colors' value = 'primary=25,225,25;secondary=225,225,225' />
	<variable default = '0' key = 'net.player2.joined' value = '0' />
	<variable default = 'Player 2' key = 'net.player2.nick' value = 'Player 2' />
	<variable default = '0' key = 'net.player2.ready' value = '0' />
	<variable default = '0' key = 'net.player2.received-nick' value = '0' />
	<variable default = '' key = 'net.player3.avatar.colors' value = '' />
	<variable default = '0' key = 'net.player3.joined' value = '0' />
	<variable default = 'Player 3' key = 'net.player3.nick' value = 'Player 3' />
	<variable default = '0' key = 'net.player3.ready' value = '0' />
	<variable default = '0' key = 'net.player3.received-nick' value = '0' />
	<variable default = '' key = 'net.player4.avatar.colors' value = '' />
	<variable default = '0' key = 'net.player4.joined' value = '0' />
	<variable default = 'Player 4' key = 'net.player4.nick' value = 'Player 4' />
	<variable default = '0' key = 'net.player4.ready' value = '0' />
	<variable default = '0' key = 'net.player4.received-nick' value = '0' />
	<variable default = '0' key = 'net.rebuild-intro-menu' value = '0' />
	<variable default = '0' key = 'net.rebuild-intro-menu:curtailed-count' value = '0' />
	<variable default = '' key = 'net.transition.target' value = '' />
	<variable default = '0' key = 'net.votes-to-skip' value = '0' />
	<variable default = '0' key = 'stats.bombs-used' value = '0' />
	<variable default = '0' key = 'stats.digs' value = '0' />
	<variable default = '0' key = 'stats.enemies-killed' value = '0' />
	<variable default = '0' key = 'stats.items-bought' value = '0' />
	<variable default = '0' key = 'stats.skills-unlocked' value = '0' />
	<variable default = '0' key = 'sys.input.gamepad.bomb' value = 'N/A' />
	<variable default = '0' key = 'sys.input.gamepad.dig-left' value = 'N/A' />
	<variable default = '0' key = 'sys.input.gamepad.dig-right' value = 'N/A' />
	<variable default = '0' key = 'sys.input.gamepad.down' value = 'N/A' />
	<variable default = '0' key = 'sys.input.gamepad.enter' value = 'N/A' />
	<variable default = '0' key = 'sys.input.gamepad.interact' value = 'N/A' />
	<variable default = '0' key = 'sys.input.gamepad.left' value = 'N/A' />
	<variable default = '0' key = 'sys.input.gamepad.minimap' value = 'N/A' />
	<variable default = '0' key = 'sys.input.gamepad.right' value = 'N/A' />
	<variable default = '0' key = 'sys.input.gamepad.skill1' value = 'N/A' />
	<variable default = '0' key = 'sys.input.gamepad.skill2' value = 'N/A' />
	<variable default = '0' key = 'sys.input.gamepad.suicide' value = 'N/A' />
	<variable default = '0' key = 'sys.input.gamepad.up' value = 'N/A' />
	<variable default = '0' key = 'sys.input.keyboard.bomb' value = 'B' />
	<variable default = '0' key = 'sys.input.keyboard.dig-left' value = 'Z' />
	<variable default = '0' key = 'sys.input.keyboard.dig-right' value = 'V' />
	<variable default = '0' key = 'sys.input.keyboard.down' value = 'DOWN' />
	<variable default = '0' key = 'sys.input.keyboard.enter' value = 'RETURN' />
	<variable default = '0' key = 'sys.input.keyboard.interact' value = 'RETURN' />
	<variable default = '0' key = 'sys.input.keyboard.left' value = 'LEFT' />
	<variable default = '0' key = 'sys.input.keyboard.minimap' value = 'TAB' />
	<variable default = '0' key = 'sys.input.keyboard.right' value = 'RIGHT' />
	<variable default = '0' key = 'sys.input.keyboard.skill1' value = '1' />
	<variable default = '0' key = 'sys.input.keyboard.skill2' value = '2' />
	<variable default = '0' key = 'sys.input.keyboard.suicide' value = 'K' />
	<variable default = '0' key = 'sys.input.keyboard.up' value = 'UP' />
	<variable default = '0' key = 'worldmap.count.visited' value = '0' />
</session>
